"Date.and.Time..UTC.","Receiver","Transmitter","Transmitter.Name","Transmitter.Serial","Sensor.Value","Sensor.Unit","Station.Name","Latitude","Longitude"
2015-10-28 14:29:53,"VR2W-122998","A69-9001-1545",NA,1215145,NA,NA,"Speartooth 3",-12.25314,141.92287
2015-10-28 19:10:58,"VR2W-122983","A69-9001-1545",NA,1215145,NA,NA,"WenTentHud",-12.26239,141.94643
2015-10-29 14:31:01,"VR2W-122998","A69-9001-1545",NA,1215145,NA,NA,"Speartooth 3",-12.25314,141.92287
2015-10-29 14:33:12,"VR2W-122998","A69-9001-1545",NA,1215145,NA,NA,"Speartooth 3",-12.25314,141.92287
2015-10-29 16:26:41,"VR2W-123002","A69-9001-1545",NA,1215145,NA,NA,"WenTentDS",-12.23126,141.89717
2015-10-29 16:29:08,"VR2W-123002","A69-9001-1545",NA,1215145,NA,NA,"WenTentDS",-12.23126,141.89717
2015-10-29 16:31:24,"VR2W-123002","A69-9001-1545",NA,1215145,NA,NA,"WenTentDS",-12.23126,141.89717
2015-10-29 16:33:22,"VR2W-123002","A69-9001-1545",NA,1215145,NA,NA,"WenTentDS",-12.23126,141.89717
2015-10-29 17:35:16,"VR2W-123002","A69-9001-1545",NA,1215145,NA,NA,"WenTentDS",-12.23126,141.89717
2015-10-29 19:22:27,"VR2W-122998","A69-9001-1545",NA,1215145,NA,NA,"Speartooth 3",-12.25314,141.92287
2015-10-29 19:24:13,"VR2W-122998","A69-9001-1545",NA,1215145,NA,NA,"Speartooth 3",-12.25314,141.92287
2015-10-30 19:24:31,"VR2W-122998","A69-9001-1545",NA,1215145,NA,NA,"Speartooth 3",-12.25314,141.92287
2015-10-30 20:50:12,"VR2W-122983","A69-9001-1545",NA,1215145,NA,NA,"WenTentHud",-12.26239,141.94643
2015-10-31 16:39:21,"VR2W-122998","A69-9001-1545",NA,1215145,NA,NA,"Speartooth 3",-12.25314,141.92287
2015-10-31 16:41:36,"VR2W-122998","A69-9001-1545",NA,1215145,NA,NA,"Speartooth 3",-12.25314,141.92287
2015-10-31 19:05:15,"VR2W-123002","A69-9001-1545",NA,1215145,NA,NA,"WenTentDS",-12.23126,141.89717
2015-10-31 21:49:22,"VR2W-122998","A69-9001-1545",NA,1215145,NA,NA,"Speartooth 3",-12.25314,141.92287
2015-11-01 00:03:41,"VR2W-122983","A69-9001-1545",NA,1215145,NA,NA,"WenTentHud",-12.26239,141.94643
2015-11-01 02:30:46,"VR2W-122983","A69-9001-1545",NA,1215145,NA,NA,"WenTentHud",-12.26239,141.94643
2015-11-01 02:35:33,"VR2W-122983","A69-9001-1545",NA,1215145,NA,NA,"WenTentHud",-12.26239,141.94643
2015-11-01 05:16:33,"VR2W-123002","A69-9001-1545",NA,1215145,NA,NA,"WenTentDS",-12.23126,141.89717
2015-11-01 05:59:09,"VR2W-122996","A69-9001-1545",NA,1215145,NA,NA,"Cloughs landing",-12.21563,141.90041
2015-11-01 06:15:06,"VR2W-122996","A69-9001-1545",NA,1215145,NA,NA,"Cloughs landing",-12.21563,141.90041
2015-11-01 06:21:37,"VR2W-122996","A69-9001-1545",NA,1215145,NA,NA,"Cloughs landing",-12.21563,141.90041
2015-11-01 08:13:49,"VR2W-122996","A69-9001-1545",NA,1215145,NA,NA,"Cloughs landing",-12.21563,141.90041
2015-11-01 08:20:42,"VR2W-122996","A69-9001-1545",NA,1215145,NA,NA,"Cloughs landing",-12.21563,141.90041
2015-11-01 08:23:16,"VR2W-122996","A69-9001-1545",NA,1215145,NA,NA,"Cloughs landing",-12.21563,141.90041
2015-11-01 15:51:49,"VR2W-114072","A69-9001-1545",NA,1215145,NA,NA,"Batavia 2",-12.19452,141.89886
2015-11-01 15:58:28,"VR2W-114072","A69-9001-1545",NA,1215145,NA,NA,"Batavia 2",-12.19452,141.89886
2015-11-01 16:00:20,"VR2W-114072","A69-9001-1545",NA,1215145,NA,NA,"Batavia 2",-12.19452,141.89886
2015-11-01 16:02:30,"VR2W-114072","A69-9001-1545",NA,1215145,NA,NA,"Batavia 2",-12.19452,141.89886
2015-11-01 16:04:13,"VR2W-114072","A69-9001-1545",NA,1215145,NA,NA,"Batavia 2",-12.19452,141.89886
2015-11-01 16:06:05,"VR2W-114072","A69-9001-1545",NA,1215145,NA,NA,"Batavia 2",-12.19452,141.89886
2015-11-01 16:09:46,"VR2W-114072","A69-9001-1545",NA,1215145,NA,NA,"Batavia 2",-12.19452,141.89886
2015-11-01 21:14:26,"VR2W-114072","A69-9001-1545",NA,1215145,NA,NA,"Batavia 2",-12.19452,141.89886
2015-11-01 21:16:32,"VR2W-114072","A69-9001-1545",NA,1215145,NA,NA,"Batavia 2",-12.19452,141.89886
2015-11-01 21:23:23,"VR2W-114072","A69-9001-1545",NA,1215145,NA,NA,"Batavia 2",-12.19452,141.89886
2015-11-01 21:25:28,"VR2W-114072","A69-9001-1545",NA,1215145,NA,NA,"Batavia 2",-12.19452,141.89886
2015-11-01 21:28:01,"VR2W-114072","A69-9001-1545",NA,1215145,NA,NA,"Batavia 2",-12.19452,141.89886
2015-11-01 21:35:21,"VR2W-114072","A69-9001-1545",NA,1215145,NA,NA,"Batavia 2",-12.19452,141.89886
2015-11-02 04:11:15,"VR2W-122996","A69-9001-1545",NA,1215145,NA,NA,"Cloughs landing",-12.21563,141.90041
2015-11-02 06:49:26,"VR2W-114072","A69-9001-1545",NA,1215145,NA,NA,"Batavia 2",-12.19452,141.89886
2015-11-02 06:56:08,"VR2W-114072","A69-9001-1545",NA,1215145,NA,NA,"Batavia 2",-12.19452,141.89886
2015-11-02 07:00:24,"VR2W-114072","A69-9001-1545",NA,1215145,NA,NA,"Batavia 2",-12.19452,141.89886
2015-11-02 07:02:25,"VR2W-114072","A69-9001-1545",NA,1215145,NA,NA,"Batavia 2",-12.19452,141.89886
2015-11-02 07:04:53,"VR2W-114072","A69-9001-1545",NA,1215145,NA,NA,"Batavia 2",-12.19452,141.89886
2015-11-02 07:07:13,"VR2W-114072","A69-9001-1545",NA,1215145,NA,NA,"Batavia 2",-12.19452,141.89886
2015-11-02 09:47:13,"VR2W-114072","A69-9001-1545",NA,1215145,NA,NA,"Batavia 2",-12.19452,141.89886
2015-11-02 09:49:00,"VR2W-114072","A69-9001-1545",NA,1215145,NA,NA,"Batavia 2",-12.19452,141.89886
2015-11-02 09:51:01,"VR2W-114072","A69-9001-1545",NA,1215145,NA,NA,"Batavia 2",-12.19452,141.89886
2015-11-02 09:53:26,"VR2W-114072","A69-9001-1545",NA,1215145,NA,NA,"Batavia 2",-12.19452,141.89886
2015-11-02 09:55:40,"VR2W-114072","A69-9001-1545",NA,1215145,NA,NA,"Batavia 2",-12.19452,141.89886
2015-11-02 09:57:32,"VR2W-114072","A69-9001-1545",NA,1215145,NA,NA,"Batavia 2",-12.19452,141.89886
2015-11-02 09:59:40,"VR2W-114072","A69-9001-1545",NA,1215145,NA,NA,"Batavia 2",-12.19452,141.89886
2015-11-02 10:17:22,"VR2W-114072","A69-9001-1545",NA,1215145,NA,NA,"Batavia 2",-12.19452,141.89886
2015-11-02 10:21:48,"VR2W-114072","A69-9001-1545",NA,1215145,NA,NA,"Batavia 2",-12.19452,141.89886
2015-11-02 12:40:03,"VR2W-114072","A69-9001-1545",NA,1215145,NA,NA,"Batavia 2",-12.19452,141.89886
2015-11-02 12:42:04,"VR2W-114072","A69-9001-1545",NA,1215145,NA,NA,"Batavia 2",-12.19452,141.89886
2015-11-02 12:46:49,"VR2W-114072","A69-9001-1545",NA,1215145,NA,NA,"Batavia 2",-12.19452,141.89886
2015-11-02 12:48:49,"VR2W-114072","A69-9001-1545",NA,1215145,NA,NA,"Batavia 2",-12.19452,141.89886
2015-11-02 12:53:28,"VR2W-114072","A69-9001-1545",NA,1215145,NA,NA,"Batavia 2",-12.19452,141.89886
2015-11-02 12:55:21,"VR2W-114072","A69-9001-1545",NA,1215145,NA,NA,"Batavia 2",-12.19452,141.89886
2015-11-02 12:57:30,"VR2W-114072","A69-9001-1545",NA,1215145,NA,NA,"Batavia 2",-12.19452,141.89886
2015-11-02 12:59:12,"VR2W-114072","A69-9001-1545",NA,1215145,NA,NA,"Batavia 2",-12.19452,141.89886
2015-11-02 13:05:19,"VR2W-114072","A69-9001-1545",NA,1215145,NA,NA,"Batavia 2",-12.19452,141.89886
2015-11-02 13:07:26,"VR2W-114072","A69-9001-1545",NA,1215145,NA,NA,"Batavia 2",-12.19452,141.89886
2015-11-02 13:09:05,"VR2W-114072","A69-9001-1545",NA,1215145,NA,NA,"Batavia 2",-12.19452,141.89886
2015-11-02 13:10:46,"VR2W-114072","A69-9001-1545",NA,1215145,NA,NA,"Batavia 2",-12.19452,141.89886
2015-11-02 16:08:34,"VR2W-122986","A69-9001-1545",NA,1215145,NA,NA,"Wenmouth",-12.14944,141.94289
2015-11-02 16:11:09,"VR2W-122986","A69-9001-1545",NA,1215145,NA,NA,"Wenmouth",-12.14944,141.94289
2015-11-02 16:18:53,"VR2W-122986","A69-9001-1545",NA,1215145,NA,NA,"Wenmouth",-12.14944,141.94289
2015-11-03 02:41:34,"VR2W-122986","A69-9001-1545",NA,1215145,NA,NA,"Wenmouth",-12.14944,141.94289
2015-11-03 02:58:20,"VR2W-122986","A69-9001-1545",NA,1215145,NA,NA,"Wenmouth",-12.14944,141.94289
2015-11-03 03:00:24,"VR2W-122986","A69-9001-1545",NA,1215145,NA,NA,"Wenmouth",-12.14944,141.94289
2015-11-03 03:41:55,"VR2W-122986","A69-9001-1545",NA,1215145,NA,NA,"Wenmouth",-12.14944,141.94289
2015-11-04 03:51:43,"VR2W-122986","A69-9001-1545",NA,1215145,NA,NA,"Wenmouth",-12.14944,141.94289
2015-11-04 05:01:13,"VR2W-122986","A69-9001-1545",NA,1215145,NA,NA,"Wenmouth",-12.14944,141.94289
2015-11-04 05:12:45,"VR2W-122986","A69-9001-1545",NA,1215145,NA,NA,"Wenmouth",-12.14944,141.94289
2015-11-04 11:30:04,"VR2W-122986","A69-9001-1545",NA,1215145,NA,NA,"Wenmouth",-12.14944,141.94289
2015-11-04 11:32:02,"VR2W-122986","A69-9001-1545",NA,1215145,NA,NA,"Wenmouth",-12.14944,141.94289
2015-11-04 11:34:23,"VR2W-122986","A69-9001-1545",NA,1215145,NA,NA,"Wenmouth",-12.14944,141.94289
2015-11-04 11:41:34,"VR2W-122986","A69-9001-1545",NA,1215145,NA,NA,"Wenmouth",-12.14944,141.94289
2015-11-04 23:43:03,"VR2W-114072","A69-9001-1545",NA,1215145,NA,NA,"Batavia 2",-12.19452,141.89886
2015-11-04 23:45:11,"VR2W-114072","A69-9001-1545",NA,1215145,NA,NA,"Batavia 2",-12.19452,141.89886
2015-11-04 23:46:52,"VR2W-114072","A69-9001-1545",NA,1215145,NA,NA,"Batavia 2",-12.19452,141.89886
2015-11-04 23:48:36,"VR2W-114072","A69-9001-1545",NA,1215145,NA,NA,"Batavia 2",-12.19452,141.89886
2015-11-04 23:56:49,"VR2W-114072","A69-9001-1545",NA,1215145,NA,NA,"Batavia 2",-12.19452,141.89886
2015-11-04 23:58:33,"VR2W-114072","A69-9001-1545",NA,1215145,NA,NA,"Batavia 2",-12.19452,141.89886
2015-11-05 00:04:09,"VR2W-114072","A69-9001-1545",NA,1215145,NA,NA,"Batavia 2",-12.19452,141.89886
2015-11-05 01:28:28,"VR2W-122996","A69-9001-1545",NA,1215145,NA,NA,"Cloughs landing",-12.21563,141.90041
2015-11-05 02:05:55,"VR2W-123002","A69-9001-1545",NA,1215145,NA,NA,"WenTentDS",-12.23126,141.89717
2015-11-05 03:47:31,"VR2W-122998","A69-9001-1545",NA,1215145,NA,NA,"Speartooth 3",-12.25314,141.92287
2015-11-05 03:49:36,"VR2W-122998","A69-9001-1545",NA,1215145,NA,NA,"Speartooth 3",-12.25314,141.92287
2015-11-05 03:52:10,"VR2W-122998","A69-9001-1545",NA,1215145,NA,NA,"Speartooth 3",-12.25314,141.92287
2015-11-05 03:54:45,"VR2W-122998","A69-9001-1545",NA,1215145,NA,NA,"Speartooth 3",-12.25314,141.92287
2015-11-05 07:36:07,"VR2W-122998","A69-9001-1545",NA,1215145,NA,NA,"Speartooth 3",-12.25314,141.92287
2015-11-05 10:31:27,"VR2W-123002","A69-9001-1545",NA,1215145,NA,NA,"WenTentDS",-12.23126,141.89717
2015-11-05 12:55:09,"VR2W-122998","A69-9001-1545",NA,1215145,NA,NA,"Speartooth 3",-12.25314,141.92287
2015-11-05 12:57:28,"VR2W-122998","A69-9001-1545",NA,1215145,NA,NA,"Speartooth 3",-12.25314,141.92287
2015-11-05 12:59:31,"VR2W-122998","A69-9001-1545",NA,1215145,NA,NA,"Speartooth 3",-12.25314,141.92287
2015-11-05 13:02:00,"VR2W-122998","A69-9001-1545",NA,1215145,NA,NA,"Speartooth 3",-12.25314,141.92287
2015-11-05 13:04:22,"VR2W-122998","A69-9001-1545",NA,1215145,NA,NA,"Speartooth 3",-12.25314,141.92287
2015-11-05 13:06:32,"VR2W-122998","A69-9001-1545",NA,1215145,NA,NA,"Speartooth 3",-12.25314,141.92287
2015-11-05 13:08:16,"VR2W-122998","A69-9001-1545",NA,1215145,NA,NA,"Speartooth 3",-12.25314,141.92287
2015-11-05 13:10:08,"VR2W-122998","A69-9001-1545",NA,1215145,NA,NA,"Speartooth 3",-12.25314,141.92287
2015-11-05 13:12:15,"VR2W-122998","A69-9001-1545",NA,1215145,NA,NA,"Speartooth 3",-12.25314,141.92287
2015-11-05 13:13:54,"VR2W-122998","A69-9001-1545",NA,1215145,NA,NA,"Speartooth 3",-12.25314,141.92287
2015-11-05 21:04:09,"VR2W-123002","A69-9001-1545",NA,1215145,NA,NA,"WenTentDS",-12.23126,141.89717
2015-11-05 23:04:38,"VR2W-123002","A69-9001-1545",NA,1215145,NA,NA,"WenTentDS",-12.23126,141.89717
2015-11-05 23:07:05,"VR2W-123002","A69-9001-1545",NA,1215145,NA,NA,"WenTentDS",-12.23126,141.89717
2015-11-06 01:15:01,"VR2W-122998","A69-9001-1545",NA,1215145,NA,NA,"Speartooth 3",-12.25314,141.92287
2015-11-06 01:17:28,"VR2W-122998","A69-9001-1545",NA,1215145,NA,NA,"Speartooth 3",-12.25314,141.92287
2015-11-06 01:19:46,"VR2W-122998","A69-9001-1545",NA,1215145,NA,NA,"Speartooth 3",-12.25314,141.92287
2015-11-06 02:30:49,"VR2W-122983","A69-9001-1545",NA,1215145,NA,NA,"WenTentHud",-12.26239,141.94643
2015-11-06 08:38:33,"VR2W-122998","A69-9001-1545",NA,1215145,NA,NA,"Speartooth 3",-12.25314,141.92287
2015-11-06 13:33:51,"VR2W-122998","A69-9001-1545",NA,1215145,NA,NA,"Speartooth 3",-12.25314,141.92287
2015-11-06 13:35:31,"VR2W-122998","A69-9001-1545",NA,1215145,NA,NA,"Speartooth 3",-12.25314,141.92287
2015-11-06 13:44:50,"VR2W-122998","A69-9001-1545",NA,1215145,NA,NA,"Speartooth 3",-12.25314,141.92287
2015-11-06 15:24:08,"VR2W-122983","A69-9001-1545",NA,1215145,NA,NA,"WenTentHud",-12.26239,141.94643
2015-11-06 15:26:36,"VR2W-122983","A69-9001-1545",NA,1215145,NA,NA,"WenTentHud",-12.26239,141.94643
2015-11-06 17:31:57,"VR2W-122983","A69-9001-1545",NA,1215145,NA,NA,"WenTentHud",-12.26239,141.94643
2015-11-06 19:11:44,"VR2W-122998","A69-9001-1545",NA,1215145,NA,NA,"Speartooth 3",-12.25314,141.92287
2015-11-06 19:16:06,"VR2W-122998","A69-9001-1545",NA,1215145,NA,NA,"Speartooth 3",-12.25314,141.92287
2015-11-06 19:18:17,"VR2W-122998","A69-9001-1545",NA,1215145,NA,NA,"Speartooth 3",-12.25314,141.92287
2015-11-06 19:24:05,"VR2W-122998","A69-9001-1545",NA,1215145,NA,NA,"Speartooth 3",-12.25314,141.92287
2015-11-07 01:36:27,"VR2W-122998","A69-9001-1545",NA,1215145,NA,NA,"Speartooth 3",-12.25314,141.92287
2015-11-07 08:30:02,"VR2W-122998","A69-9001-1545",NA,1215145,NA,NA,"Speartooth 3",-12.25314,141.92287
2015-11-07 08:32:15,"VR2W-122998","A69-9001-1545",NA,1215145,NA,NA,"Speartooth 3",-12.25314,141.92287
2015-11-07 14:52:56,"VR2W-122998","A69-9001-1545",NA,1215145,NA,NA,"Speartooth 3",-12.25314,141.92287
2015-11-07 15:00:18,"VR2W-122998","A69-9001-1545",NA,1215145,NA,NA,"Speartooth 3",-12.25314,141.92287
2015-11-07 16:47:24,"VR2W-122983","A69-9001-1545",NA,1215145,NA,NA,"WenTentHud",-12.26239,141.94643
2015-11-07 16:53:45,"VR2W-122983","A69-9001-1545",NA,1215145,NA,NA,"WenTentHud",-12.26239,141.94643
2015-11-07 16:58:43,"VR2W-122983","A69-9001-1545",NA,1215145,NA,NA,"WenTentHud",-12.26239,141.94643
2015-11-07 18:18:24,"VR2W-122983","A69-9001-1545",NA,1215145,NA,NA,"WenTentHud",-12.26239,141.94643
2015-11-07 18:25:22,"VR2W-122983","A69-9001-1545",NA,1215145,NA,NA,"WenTentHud",-12.26239,141.94643
2015-11-08 03:14:12,"VR2W-122983","A69-9001-1545",NA,1215145,NA,NA,"WenTentHud",-12.26239,141.94643
2015-11-08 15:01:13,"VR2W-103560","A69-9001-1545",NA,1215145,NA,NA,"Hudson junction",-12.25526,141.94362
2015-11-09 12:38:26,"VR2W-110433","A69-9001-1545",NA,1215145,NA,NA,"Island downstream",-12.270143,141.97587
2015-11-09 20:38:34,"VR2W-103560","A69-9001-1545",NA,1215145,NA,NA,"Hudson junction",-12.25526,141.94362
2015-11-10 11:51:26,"VR2W-122983","A69-9001-1545",NA,1215145,NA,NA,"WenTentHud",-12.26239,141.94643
2015-11-10 16:30:18,"VR2W-122998","A69-9001-1545",NA,1215145,NA,NA,"Speartooth 3",-12.25314,141.92287
2015-11-10 17:57:25,"VR2W-122983","A69-9001-1545",NA,1215145,NA,NA,"WenTentHud",-12.26239,141.94643
2015-11-10 17:59:45,"VR2W-122983","A69-9001-1545",NA,1215145,NA,NA,"WenTentHud",-12.26239,141.94643
2015-11-11 11:14:23,"VR2W-122983","A69-9001-1545",NA,1215145,NA,NA,"WenTentHud",-12.26239,141.94643
2015-11-11 15:36:52,"VR2W-123002","A69-9001-1545",NA,1215145,NA,NA,"WenTentDS",-12.23126,141.89717
2015-11-11 16:07:05,"VR2W-123002","A69-9001-1545",NA,1215145,NA,NA,"WenTentDS",-12.23126,141.89717
2015-11-11 16:09:10,"VR2W-123002","A69-9001-1545",NA,1215145,NA,NA,"WenTentDS",-12.23126,141.89717
2015-11-11 18:26:53,"VR2W-122998","A69-9001-1545",NA,1215145,NA,NA,"Speartooth 3",-12.25314,141.92287
2015-11-11 19:55:30,"VR2W-101155","A69-9001-1545",NA,1215145,NA,NA,"Tentpole mouth 2",-12.26171,141.91598
2015-11-11 20:01:19,"VR2W-101155","A69-9001-1545",NA,1215145,NA,NA,"Tentpole mouth 2",-12.26171,141.91598
2015-11-11 20:05:30,"VR2W-101155","A69-9001-1545",NA,1215145,NA,NA,"Tentpole mouth 2",-12.26171,141.91598
2015-11-11 20:07:25,"VR2W-101155","A69-9001-1545",NA,1215145,NA,NA,"Tentpole mouth 2",-12.26171,141.91598
2015-11-11 20:15:37,"VR2W-101155","A69-9001-1545",NA,1215145,NA,NA,"Tentpole mouth 2",-12.26171,141.91598
2015-11-11 20:22:38,"VR2W-101155","A69-9001-1545",NA,1215145,NA,NA,"Tentpole mouth 2",-12.26171,141.91598
2015-11-11 20:28:18,"VR2W-101155","A69-9001-1545",NA,1215145,NA,NA,"Tentpole mouth 2",-12.26171,141.91598
2015-11-11 20:43:36,"VR2W-101155","A69-9001-1545",NA,1215145,NA,NA,"Tentpole mouth 2",-12.26171,141.91598
2015-11-11 20:45:46,"VR2W-101155","A69-9001-1545",NA,1215145,NA,NA,"Tentpole mouth 2",-12.26171,141.91598
2015-11-11 20:47:31,"VR2W-101155","A69-9001-1545",NA,1215145,NA,NA,"Tentpole mouth 2",-12.26171,141.91598
2015-11-11 20:55:08,"VR2W-101155","A69-9001-1545",NA,1215145,NA,NA,"Tentpole mouth 2",-12.26171,141.91598
2015-11-11 20:57:14,"VR2W-101155","A69-9001-1545",NA,1215145,NA,NA,"Tentpole mouth 2",-12.26171,141.91598
2015-11-11 21:02:04,"VR2W-101155","A69-9001-1545",NA,1215145,NA,NA,"Tentpole mouth 2",-12.26171,141.91598
2015-11-11 21:03:41,"VR2W-101155","A69-9001-1545",NA,1215145,NA,NA,"Tentpole mouth 2",-12.26171,141.91598
2015-11-11 21:05:21,"VR2W-101155","A69-9001-1545",NA,1215145,NA,NA,"Tentpole mouth 2",-12.26171,141.91598
2015-11-11 21:11:02,"VR2W-101155","A69-9001-1545",NA,1215145,NA,NA,"Tentpole mouth 2",-12.26171,141.91598
2015-11-11 21:12:39,"VR2W-101155","A69-9001-1545",NA,1215145,NA,NA,"Tentpole mouth 2",-12.26171,141.91598
2015-11-11 21:14:16,"VR2W-101155","A69-9001-1545",NA,1215145,NA,NA,"Tentpole mouth 2",-12.26171,141.91598
2015-11-11 21:15:54,"VR2W-101155","A69-9001-1545",NA,1215145,NA,NA,"Tentpole mouth 2",-12.26171,141.91598
2015-11-11 21:17:35,"VR2W-101155","A69-9001-1545",NA,1215145,NA,NA,"Tentpole mouth 2",-12.26171,141.91598
2015-11-11 21:21:24,"VR2W-101155","A69-9001-1545",NA,1215145,NA,NA,"Tentpole mouth 2",-12.26171,141.91598
2015-11-11 21:26:01,"VR2W-101155","A69-9001-1545",NA,1215145,NA,NA,"Tentpole mouth 2",-12.26171,141.91598
2015-11-11 21:48:02,"VR2W-101155","A69-9001-1545",NA,1215145,NA,NA,"Tentpole mouth 2",-12.26171,141.91598
2015-11-11 21:52:15,"VR2W-101155","A69-9001-1545",NA,1215145,NA,NA,"Tentpole mouth 2",-12.26171,141.91598
2015-11-11 21:54:35,"VR2W-101155","A69-9001-1545",NA,1215145,NA,NA,"Tentpole mouth 2",-12.26171,141.91598
2015-11-11 21:56:38,"VR2W-101155","A69-9001-1545",NA,1215145,NA,NA,"Tentpole mouth 2",-12.26171,141.91598
2015-11-11 21:59:08,"VR2W-101155","A69-9001-1545",NA,1215145,NA,NA,"Tentpole mouth 2",-12.26171,141.91598
2015-11-11 22:10:54,"VR2W-101155","A69-9001-1545",NA,1215145,NA,NA,"Tentpole mouth 2",-12.26171,141.91598
2015-11-11 22:14:09,"VR2W-101155","A69-9001-1545",NA,1215145,NA,NA,"Tentpole mouth 2",-12.26171,141.91598
2015-11-11 22:19:25,"VR2W-101155","A69-9001-1545",NA,1215145,NA,NA,"Tentpole mouth 2",-12.26171,141.91598
2015-11-11 22:21:35,"VR2W-101155","A69-9001-1545",NA,1215145,NA,NA,"Tentpole mouth 2",-12.26171,141.91598
2015-11-11 22:27:12,"VR2W-101155","A69-9001-1545",NA,1215145,NA,NA,"Tentpole mouth 2",-12.26171,141.91598
2015-11-11 22:29:46,"VR2W-101155","A69-9001-1545",NA,1215145,NA,NA,"Tentpole mouth 2",-12.26171,141.91598
2015-11-11 22:32:18,"VR2W-101155","A69-9001-1545",NA,1215145,NA,NA,"Tentpole mouth 2",-12.26171,141.91598
2015-11-11 22:41:37,"VR2W-101155","A69-9001-1545",NA,1215145,NA,NA,"Tentpole mouth 2",-12.26171,141.91598
2015-11-11 22:58:41,"VR2W-101155","A69-9001-1545",NA,1215145,NA,NA,"Tentpole mouth 2",-12.26171,141.91598
2015-11-11 23:04:10,"VR2W-101155","A69-9001-1545",NA,1215145,NA,NA,"Tentpole mouth 2",-12.26171,141.91598
2015-11-11 23:06:34,"VR2W-101155","A69-9001-1545",NA,1215145,NA,NA,"Tentpole mouth 2",-12.26171,141.91598
2015-11-11 23:08:46,"VR2W-101155","A69-9001-1545",NA,1215145,NA,NA,"Tentpole mouth 2",-12.26171,141.91598
2015-11-11 23:10:34,"VR2W-101155","A69-9001-1545",NA,1215145,NA,NA,"Tentpole mouth 2",-12.26171,141.91598
2015-11-11 23:12:33,"VR2W-101155","A69-9001-1545",NA,1215145,NA,NA,"Tentpole mouth 2",-12.26171,141.91598
2015-11-12 00:28:27,"VR2W-122998","A69-9001-1545",NA,1215145,NA,NA,"Speartooth 3",-12.25314,141.92287
2015-11-12 00:30:34,"VR2W-122998","A69-9001-1545",NA,1215145,NA,NA,"Speartooth 3",-12.25314,141.92287
2015-11-12 00:32:10,"VR2W-122998","A69-9001-1545",NA,1215145,NA,NA,"Speartooth 3",-12.25314,141.92287
2015-11-12 03:30:54,"VR2W-123002","A69-9001-1545",NA,1215145,NA,NA,"WenTentDS",-12.23126,141.89717
2015-11-12 09:58:26,"VR2W-122996","A69-9001-1545",NA,1215145,NA,NA,"Cloughs landing",-12.21563,141.90041
2015-11-12 10:00:48,"VR2W-122996","A69-9001-1545",NA,1215145,NA,NA,"Cloughs landing",-12.21563,141.90041
2015-11-12 10:02:58,"VR2W-122996","A69-9001-1545",NA,1215145,NA,NA,"Cloughs landing",-12.21563,141.90041
2015-11-12 12:55:13,"VR2W-114072","A69-9001-1545",NA,1215145,NA,NA,"Batavia 2",-12.19452,141.89886
2015-11-12 12:57:31,"VR2W-114072","A69-9001-1545",NA,1215145,NA,NA,"Batavia 2",-12.19452,141.89886
2015-11-12 12:59:31,"VR2W-114072","A69-9001-1545",NA,1215145,NA,NA,"Batavia 2",-12.19452,141.89886
2015-11-12 13:01:55,"VR2W-114072","A69-9001-1545",NA,1215145,NA,NA,"Batavia 2",-12.19452,141.89886
2015-11-12 13:04:06,"VR2W-114072","A69-9001-1545",NA,1215145,NA,NA,"Batavia 2",-12.19452,141.89886
2015-11-12 13:05:53,"VR2W-114072","A69-9001-1545",NA,1215145,NA,NA,"Batavia 2",-12.19452,141.89886
2015-11-12 18:18:06,"VR2W-114072","A69-9001-1545",NA,1215145,NA,NA,"Batavia 2",-12.19452,141.89886
2015-11-12 18:19:49,"VR2W-114072","A69-9001-1545",NA,1215145,NA,NA,"Batavia 2",-12.19452,141.89886
2015-11-12 18:21:38,"VR2W-114072","A69-9001-1545",NA,1215145,NA,NA,"Batavia 2",-12.19452,141.89886
2015-11-12 18:23:41,"VR2W-114072","A69-9001-1545",NA,1215145,NA,NA,"Batavia 2",-12.19452,141.89886
2015-11-12 18:26:11,"VR2W-114072","A69-9001-1545",NA,1215145,NA,NA,"Batavia 2",-12.19452,141.89886
2015-11-12 18:28:36,"VR2W-114072","A69-9001-1545",NA,1215145,NA,NA,"Batavia 2",-12.19452,141.89886
2015-11-12 18:30:48,"VR2W-114072","A69-9001-1545",NA,1215145,NA,NA,"Batavia 2",-12.19452,141.89886
2015-11-12 18:39:30,"VR2W-114072","A69-9001-1545",NA,1215145,NA,NA,"Batavia 2",-12.19452,141.89886
2015-11-12 18:41:36,"VR2W-114072","A69-9001-1545",NA,1215145,NA,NA,"Batavia 2",-12.19452,141.89886
2015-11-12 18:43:14,"VR2W-114072","A69-9001-1545",NA,1215145,NA,NA,"Batavia 2",-12.19452,141.89886
2015-11-12 18:46:34,"VR2W-114072","A69-9001-1545",NA,1215145,NA,NA,"Batavia 2",-12.19452,141.89886
2015-11-12 18:50:20,"VR2W-114072","A69-9001-1545",NA,1215145,NA,NA,"Batavia 2",-12.19452,141.89886
2015-11-12 18:52:45,"VR2W-114072","A69-9001-1545",NA,1215145,NA,NA,"Batavia 2",-12.19452,141.89886
2015-11-12 18:54:57,"VR2W-114072","A69-9001-1545",NA,1215145,NA,NA,"Batavia 2",-12.19452,141.89886
2015-11-12 18:56:47,"VR2W-114072","A69-9001-1545",NA,1215145,NA,NA,"Batavia 2",-12.19452,141.89886
2015-11-12 18:58:51,"VR2W-114072","A69-9001-1545",NA,1215145,NA,NA,"Batavia 2",-12.19452,141.89886
2015-11-12 19:01:22,"VR2W-114072","A69-9001-1545",NA,1215145,NA,NA,"Batavia 2",-12.19452,141.89886
2015-11-12 19:03:48,"VR2W-114072","A69-9001-1545",NA,1215145,NA,NA,"Batavia 2",-12.19452,141.89886
2015-11-12 19:06:06,"VR2W-114072","A69-9001-1545",NA,1215145,NA,NA,"Batavia 2",-12.19452,141.89886
2015-11-12 19:08:06,"VR2W-114072","A69-9001-1545",NA,1215145,NA,NA,"Batavia 2",-12.19452,141.89886
2015-11-12 19:10:29,"VR2W-114072","A69-9001-1545",NA,1215145,NA,NA,"Batavia 2",-12.19452,141.89886
2015-11-12 19:12:41,"VR2W-114072","A69-9001-1545",NA,1215145,NA,NA,"Batavia 2",-12.19452,141.89886
2015-11-12 19:16:25,"VR2W-114072","A69-9001-1545",NA,1215145,NA,NA,"Batavia 2",-12.19452,141.89886
2015-11-12 19:31:46,"VR2W-114072","A69-9001-1545",NA,1215145,NA,NA,"Batavia 2",-12.19452,141.89886
2015-11-12 19:34:16,"VR2W-114072","A69-9001-1545",NA,1215145,NA,NA,"Batavia 2",-12.19452,141.89886
2015-11-12 19:51:00,"VR2W-114072","A69-9001-1545",NA,1215145,NA,NA,"Batavia 2",-12.19452,141.89886
2015-11-12 19:55:33,"VR2W-114072","A69-9001-1545",NA,1215145,NA,NA,"Batavia 2",-12.19452,141.89886
2015-11-12 19:57:16,"VR2W-114072","A69-9001-1545",NA,1215145,NA,NA,"Batavia 2",-12.19452,141.89886
2015-11-12 19:59:09,"VR2W-114072","A69-9001-1545",NA,1215145,NA,NA,"Batavia 2",-12.19452,141.89886
2015-11-13 01:59:30,"VR2W-122986","A69-9001-1545",NA,1215145,NA,NA,"Wenmouth",-12.14944,141.94289
2015-11-13 02:01:36,"VR2W-122986","A69-9001-1545",NA,1215145,NA,NA,"Wenmouth",-12.14944,141.94289
2015-11-13 02:04:51,"VR2W-122986","A69-9001-1545",NA,1215145,NA,NA,"Wenmouth",-12.14944,141.94289
2015-11-13 17:51:42,"VR2W-122986","A69-9001-1545",NA,1215145,NA,NA,"Wenmouth",-12.14944,141.94289
2015-11-13 17:55:49,"VR2W-122986","A69-9001-1545",NA,1215145,NA,NA,"Wenmouth",-12.14944,141.94289
2015-11-13 18:04:47,"VR2W-122986","A69-9001-1545",NA,1215145,NA,NA,"Wenmouth",-12.14944,141.94289
2015-11-14 05:46:30,"VR2W-122986","A69-9001-1545",NA,1215145,NA,NA,"Wenmouth",-12.14944,141.94289
2015-11-14 06:56:05,"VR2W-122986","A69-9001-1545",NA,1215145,NA,NA,"Wenmouth",-12.14944,141.94289
2015-11-14 07:23:05,"VR2W-122986","A69-9001-1545",NA,1215145,NA,NA,"Wenmouth",-12.14944,141.94289
2015-11-14 07:24:51,"VR2W-122986","A69-9001-1545",NA,1215145,NA,NA,"Wenmouth",-12.14944,141.94289
2015-11-14 07:54:07,"VR2W-122986","A69-9001-1545",NA,1215145,NA,NA,"Wenmouth",-12.14944,141.94289
2015-11-14 08:06:03,"VR2W-122986","A69-9001-1545",NA,1215145,NA,NA,"Wenmouth",-12.14944,141.94289
2015-11-14 08:57:52,"VR2W-122986","A69-9001-1545",NA,1215145,NA,NA,"Wenmouth",-12.14944,141.94289
2015-11-17 21:09:44,"VR2W-122986","A69-9001-1545",NA,1215145,NA,NA,"Wenmouth",-12.14944,141.94289
2015-11-17 23:17:22,"VR2W-114072","A69-9001-1545",NA,1215145,NA,NA,"Batavia 2",-12.19452,141.89886
2015-11-17 23:19:45,"VR2W-114072","A69-9001-1545",NA,1215145,NA,NA,"Batavia 2",-12.19452,141.89886
2015-11-17 23:21:58,"VR2W-114072","A69-9001-1545",NA,1215145,NA,NA,"Batavia 2",-12.19452,141.89886
2015-11-18 01:11:44,"VR2W-122996","A69-9001-1545",NA,1215145,NA,NA,"Cloughs landing",-12.21563,141.90041
2015-11-18 01:14:19,"VR2W-122996","A69-9001-1545",NA,1215145,NA,NA,"Cloughs landing",-12.21563,141.90041
2015-11-18 02:10:38,"VR2W-123002","A69-9001-1545",NA,1215145,NA,NA,"WenTentDS",-12.23126,141.89717
2015-11-18 10:46:10,"VR2W-122998","A69-9001-1545",NA,1215145,NA,NA,"Speartooth 3",-12.25314,141.92287
2015-11-18 10:48:03,"VR2W-122998","A69-9001-1545",NA,1215145,NA,NA,"Speartooth 3",-12.25314,141.92287
2015-11-18 10:50:15,"VR2W-122998","A69-9001-1545",NA,1215145,NA,NA,"Speartooth 3",-12.25314,141.92287
2015-11-18 10:52:02,"VR2W-122998","A69-9001-1545",NA,1215145,NA,NA,"Speartooth 3",-12.25314,141.92287
2015-11-18 10:56:18,"VR2W-122998","A69-9001-1545",NA,1215145,NA,NA,"Speartooth 3",-12.25314,141.92287
2015-11-18 10:58:21,"VR2W-122998","A69-9001-1545",NA,1215145,NA,NA,"Speartooth 3",-12.25314,141.92287
2015-11-18 14:10:43,"VR2W-122998","A69-9001-1545",NA,1215145,NA,NA,"Speartooth 3",-12.25314,141.92287
2015-11-18 18:03:03,"VR2W-122996","A69-9001-1545",NA,1215145,NA,NA,"Cloughs landing",-12.21563,141.90041
2015-11-18 18:08:06,"VR2W-122996","A69-9001-1545",NA,1215145,NA,NA,"Cloughs landing",-12.21563,141.90041
2015-11-18 18:12:43,"VR2W-122996","A69-9001-1545",NA,1215145,NA,NA,"Cloughs landing",-12.21563,141.90041
2015-11-18 18:14:33,"VR2W-122996","A69-9001-1545",NA,1215145,NA,NA,"Cloughs landing",-12.21563,141.90041
2015-11-18 19:54:13,"VR2W-122996","A69-9001-1545",NA,1215145,NA,NA,"Cloughs landing",-12.21563,141.90041
2015-11-18 19:56:11,"VR2W-122996","A69-9001-1545",NA,1215145,NA,NA,"Cloughs landing",-12.21563,141.90041
2015-11-18 19:58:32,"VR2W-122996","A69-9001-1545",NA,1215145,NA,NA,"Cloughs landing",-12.21563,141.90041
2015-11-18 20:00:39,"VR2W-122996","A69-9001-1545",NA,1215145,NA,NA,"Cloughs landing",-12.21563,141.90041
2015-11-18 22:36:31,"VR2W-122998","A69-9001-1545",NA,1215145,NA,NA,"Speartooth 3",-12.25314,141.92287
2015-11-23 12:22:21,"VR2W-103560","A69-9001-1545",NA,1215145,NA,NA,"Hudson junction",-12.25526,141.94362
2015-11-23 12:28:16,"VR2W-103560","A69-9001-1545",NA,1215145,NA,NA,"Hudson junction",-12.25526,141.94362
2015-11-23 12:37:34,"VR2W-103560","A69-9001-1545",NA,1215145,NA,NA,"Hudson junction",-12.25526,141.94362
2015-11-23 13:16:56,"VR2W-103560","A69-9001-1545",NA,1215145,NA,NA,"Hudson junction",-12.25526,141.94362
2015-11-23 13:29:05,"VR2W-103560","A69-9001-1545",NA,1215145,NA,NA,"Hudson junction",-12.25526,141.94362
2015-11-23 13:33:23,"VR2W-103560","A69-9001-1545",NA,1215145,NA,NA,"Hudson junction",-12.25526,141.94362
2015-11-24 12:01:33,"VR2W-103560","A69-9001-1545",NA,1215145,NA,NA,"Hudson junction",-12.25526,141.94362
2015-11-24 12:05:15,"VR2W-103560","A69-9001-1545",NA,1215145,NA,NA,"Hudson junction",-12.25526,141.94362
2015-11-24 17:01:51,"VR2W-103560","A69-9001-1545",NA,1215145,NA,NA,"Hudson junction",-12.25526,141.94362
2015-11-24 17:04:12,"VR2W-103560","A69-9001-1545",NA,1215145,NA,NA,"Hudson junction",-12.25526,141.94362
2015-11-24 17:06:19,"VR2W-103560","A69-9001-1545",NA,1215145,NA,NA,"Hudson junction",-12.25526,141.94362
2015-11-25 12:44:14,"VR2W-103560","A69-9001-1545",NA,1215145,NA,NA,"Hudson junction",-12.25526,141.94362
2015-11-25 15:20:43,"VR2W-122983","A69-9001-1545",NA,1215145,NA,NA,"WenTentHud",-12.26239,141.94643
2015-11-25 15:24:34,"VR2W-122983","A69-9001-1545",NA,1215145,NA,NA,"WenTentHud",-12.26239,141.94643
2015-11-25 15:26:21,"VR2W-122983","A69-9001-1545",NA,1215145,NA,NA,"WenTentHud",-12.26239,141.94643
2015-11-25 15:28:19,"VR2W-122983","A69-9001-1545",NA,1215145,NA,NA,"WenTentHud",-12.26239,141.94643
2015-11-25 19:39:39,"VR2W-103560","A69-9001-1545",NA,1215145,NA,NA,"Hudson junction",-12.25526,141.94362
2015-11-25 19:41:31,"VR2W-103560","A69-9001-1545",NA,1215145,NA,NA,"Hudson junction",-12.25526,141.94362
2015-11-25 19:43:38,"VR2W-103560","A69-9001-1545",NA,1215145,NA,NA,"Hudson junction",-12.25526,141.94362
2015-11-25 19:45:16,"VR2W-103560","A69-9001-1545",NA,1215145,NA,NA,"Hudson junction",-12.25526,141.94362
2015-11-25 19:46:56,"VR2W-103560","A69-9001-1545",NA,1215145,NA,NA,"Hudson junction",-12.25526,141.94362
2015-11-25 19:48:41,"VR2W-103560","A69-9001-1545",NA,1215145,NA,NA,"Hudson junction",-12.25526,141.94362
2015-11-25 20:16:07,"VR2W-103560","A69-9001-1545",NA,1215145,NA,NA,"Hudson junction",-12.25526,141.94362
2015-11-25 20:17:44,"VR2W-103560","A69-9001-1545",NA,1215145,NA,NA,"Hudson junction",-12.25526,141.94362
2015-11-25 21:47:14,"VR2W-103560","A69-9001-1545",NA,1215145,NA,NA,"Hudson junction",-12.25526,141.94362
2015-11-25 21:49:10,"VR2W-103560","A69-9001-1545",NA,1215145,NA,NA,"Hudson junction",-12.25526,141.94362
2015-11-25 21:51:26,"VR2W-103560","A69-9001-1545",NA,1215145,NA,NA,"Hudson junction",-12.25526,141.94362
2015-11-25 21:53:24,"VR2W-103560","A69-9001-1545",NA,1215145,NA,NA,"Hudson junction",-12.25526,141.94362
2015-11-25 21:55:42,"VR2W-103560","A69-9001-1545",NA,1215145,NA,NA,"Hudson junction",-12.25526,141.94362
2015-11-25 21:57:44,"VR2W-103560","A69-9001-1545",NA,1215145,NA,NA,"Hudson junction",-12.25526,141.94362
2015-11-25 22:02:28,"VR2W-103560","A69-9001-1545",NA,1215145,NA,NA,"Hudson junction",-12.25526,141.94362
2015-11-25 22:06:47,"VR2W-103560","A69-9001-1545",NA,1215145,NA,NA,"Hudson junction",-12.25526,141.94362
2015-11-25 22:08:54,"VR2W-103560","A69-9001-1545",NA,1215145,NA,NA,"Hudson junction",-12.25526,141.94362
2015-11-25 22:12:09,"VR2W-103560","A69-9001-1545",NA,1215145,NA,NA,"Hudson junction",-12.25526,141.94362
2015-11-25 22:13:50,"VR2W-103560","A69-9001-1545",NA,1215145,NA,NA,"Hudson junction",-12.25526,141.94362
2015-11-25 22:15:36,"VR2W-103560","A69-9001-1545",NA,1215145,NA,NA,"Hudson junction",-12.25526,141.94362
2015-11-25 22:17:31,"VR2W-103560","A69-9001-1545",NA,1215145,NA,NA,"Hudson junction",-12.25526,141.94362
2015-11-25 22:21:44,"VR2W-103560","A69-9001-1545",NA,1215145,NA,NA,"Hudson junction",-12.25526,141.94362
2015-11-25 22:24:02,"VR2W-103560","A69-9001-1545",NA,1215145,NA,NA,"Hudson junction",-12.25526,141.94362
2015-11-25 22:26:00,"VR2W-103560","A69-9001-1545",NA,1215145,NA,NA,"Hudson junction",-12.25526,141.94362
2015-11-25 22:28:23,"VR2W-103560","A69-9001-1545",NA,1215145,NA,NA,"Hudson junction",-12.25526,141.94362
2015-11-25 22:30:32,"VR2W-103560","A69-9001-1545",NA,1215145,NA,NA,"Hudson junction",-12.25526,141.94362
2015-11-25 22:32:13,"VR2W-103560","A69-9001-1545",NA,1215145,NA,NA,"Hudson junction",-12.25526,141.94362
2015-11-25 22:33:59,"VR2W-103560","A69-9001-1545",NA,1215145,NA,NA,"Hudson junction",-12.25526,141.94362
2015-11-25 22:35:58,"VR2W-103560","A69-9001-1545",NA,1215145,NA,NA,"Hudson junction",-12.25526,141.94362
2015-11-25 22:38:20,"VR2W-103560","A69-9001-1545",NA,1215145,NA,NA,"Hudson junction",-12.25526,141.94362
2015-11-25 22:40:29,"VR2W-103560","A69-9001-1545",NA,1215145,NA,NA,"Hudson junction",-12.25526,141.94362
2015-11-25 22:42:10,"VR2W-103560","A69-9001-1545",NA,1215145,NA,NA,"Hudson junction",-12.25526,141.94362
2015-11-25 22:43:56,"VR2W-103560","A69-9001-1545",NA,1215145,NA,NA,"Hudson junction",-12.25526,141.94362
2015-11-25 22:48:08,"VR2W-103560","A69-9001-1545",NA,1215145,NA,NA,"Hudson junction",-12.25526,141.94362
2015-11-25 22:50:06,"VR2W-103560","A69-9001-1545",NA,1215145,NA,NA,"Hudson junction",-12.25526,141.94362
2015-11-25 22:52:27,"VR2W-103560","A69-9001-1545",NA,1215145,NA,NA,"Hudson junction",-12.25526,141.94362
2015-11-25 22:59:31,"VR2W-103560","A69-9001-1545",NA,1215145,NA,NA,"Hudson junction",-12.25526,141.94362
2015-11-25 23:04:03,"VR2W-103560","A69-9001-1545",NA,1215145,NA,NA,"Hudson junction",-12.25526,141.94362
2015-11-25 23:05:45,"VR2W-103560","A69-9001-1545",NA,1215145,NA,NA,"Hudson junction",-12.25526,141.94362
2015-11-25 23:09:39,"VR2W-103560","A69-9001-1545",NA,1215145,NA,NA,"Hudson junction",-12.25526,141.94362
2015-11-25 23:16:50,"VR2W-103560","A69-9001-1545",NA,1215145,NA,NA,"Hudson junction",-12.25526,141.94362
2015-11-25 23:21:02,"VR2W-103560","A69-9001-1545",NA,1215145,NA,NA,"Hudson junction",-12.25526,141.94362
2015-11-25 23:25:18,"VR2W-103560","A69-9001-1545",NA,1215145,NA,NA,"Hudson junction",-12.25526,141.94362
2015-11-25 23:29:49,"VR2W-103560","A69-9001-1545",NA,1215145,NA,NA,"Hudson junction",-12.25526,141.94362
2015-11-25 23:34:16,"VR2W-103560","A69-9001-1545",NA,1215145,NA,NA,"Hudson junction",-12.25526,141.94362
2015-11-25 23:35:53,"VR2W-103560","A69-9001-1545",NA,1215145,NA,NA,"Hudson junction",-12.25526,141.94362
2015-11-25 23:40:50,"VR2W-103560","A69-9001-1545",NA,1215145,NA,NA,"Hudson junction",-12.25526,141.94362
2015-11-25 23:42:39,"VR2W-103560","A69-9001-1545",NA,1215145,NA,NA,"Hudson junction",-12.25526,141.94362
2015-11-25 23:44:41,"VR2W-103560","A69-9001-1545",NA,1215145,NA,NA,"Hudson junction",-12.25526,141.94362
2015-11-25 23:47:07,"VR2W-103560","A69-9001-1545",NA,1215145,NA,NA,"Hudson junction",-12.25526,141.94362
2015-11-26 00:00:46,"VR2W-103560","A69-9001-1545",NA,1215145,NA,NA,"Hudson junction",-12.25526,141.94362
2015-11-26 00:03:10,"VR2W-103560","A69-9001-1545",NA,1215145,NA,NA,"Hudson junction",-12.25526,141.94362
2015-11-26 00:11:50,"VR2W-103560","A69-9001-1545",NA,1215145,NA,NA,"Hudson junction",-12.25526,141.94362
2015-11-26 00:29:29,"VR2W-103560","A69-9001-1545",NA,1215145,NA,NA,"Hudson junction",-12.25526,141.94362
2015-11-26 00:31:52,"VR2W-103560","A69-9001-1545",NA,1215145,NA,NA,"Hudson junction",-12.25526,141.94362
2015-11-26 00:34:03,"VR2W-103560","A69-9001-1545",NA,1215145,NA,NA,"Hudson junction",-12.25526,141.94362
2015-11-26 00:37:40,"VR2W-103560","A69-9001-1545",NA,1215145,NA,NA,"Hudson junction",-12.25526,141.94362
2015-11-26 00:39:52,"VR2W-103560","A69-9001-1545",NA,1215145,NA,NA,"Hudson junction",-12.25526,141.94362
2015-11-26 00:48:06,"VR2W-103560","A69-9001-1545",NA,1215145,NA,NA,"Hudson junction",-12.25526,141.94362
2015-11-26 00:51:26,"VR2W-103560","A69-9001-1545",NA,1215145,NA,NA,"Hudson junction",-12.25526,141.94362
2015-11-26 00:57:21,"VR2W-103560","A69-9001-1545",NA,1215145,NA,NA,"Hudson junction",-12.25526,141.94362
2015-11-26 01:01:28,"VR2W-103560","A69-9001-1545",NA,1215145,NA,NA,"Hudson junction",-12.25526,141.94362
2015-11-26 01:03:20,"VR2W-103560","A69-9001-1545",NA,1215145,NA,NA,"Hudson junction",-12.25526,141.94362
2015-11-26 01:05:27,"VR2W-103560","A69-9001-1545",NA,1215145,NA,NA,"Hudson junction",-12.25526,141.94362
2015-11-26 01:07:06,"VR2W-103560","A69-9001-1545",NA,1215145,NA,NA,"Hudson junction",-12.25526,141.94362
2015-11-26 01:14:40,"VR2W-103560","A69-9001-1545",NA,1215145,NA,NA,"Hudson junction",-12.25526,141.94362
2015-11-26 01:26:37,"VR2W-103560","A69-9001-1545",NA,1215145,NA,NA,"Hudson junction",-12.25526,141.94362
2015-11-26 01:30:40,"VR2W-103560","A69-9001-1545",NA,1215145,NA,NA,"Hudson junction",-12.25526,141.94362
2015-11-26 01:32:47,"VR2W-103560","A69-9001-1545",NA,1215145,NA,NA,"Hudson junction",-12.25526,141.94362
2015-11-26 01:37:41,"VR2W-103560","A69-9001-1545",NA,1215145,NA,NA,"Hudson junction",-12.25526,141.94362
2015-11-26 01:39:24,"VR2W-103560","A69-9001-1545",NA,1215145,NA,NA,"Hudson junction",-12.25526,141.94362
2015-11-26 01:41:13,"VR2W-103560","A69-9001-1545",NA,1215145,NA,NA,"Hudson junction",-12.25526,141.94362
2015-11-26 01:43:16,"VR2W-103560","A69-9001-1545",NA,1215145,NA,NA,"Hudson junction",-12.25526,141.94362
2015-11-26 01:45:48,"VR2W-103560","A69-9001-1545",NA,1215145,NA,NA,"Hudson junction",-12.25526,141.94362
2015-11-26 01:48:16,"VR2W-103560","A69-9001-1545",NA,1215145,NA,NA,"Hudson junction",-12.25526,141.94362
2015-11-26 01:52:45,"VR2W-103560","A69-9001-1545",NA,1215145,NA,NA,"Hudson junction",-12.25526,141.94362
2015-11-26 01:54:24,"VR2W-103560","A69-9001-1545",NA,1215145,NA,NA,"Hudson junction",-12.25526,141.94362
2015-11-26 01:56:05,"VR2W-103560","A69-9001-1545",NA,1215145,NA,NA,"Hudson junction",-12.25526,141.94362
2015-11-26 01:59:52,"VR2W-103560","A69-9001-1545",NA,1215145,NA,NA,"Hudson junction",-12.25526,141.94362
2015-11-26 02:02:15,"VR2W-103560","A69-9001-1545",NA,1215145,NA,NA,"Hudson junction",-12.25526,141.94362
2015-11-26 02:06:11,"VR2W-103560","A69-9001-1545",NA,1215145,NA,NA,"Hudson junction",-12.25526,141.94362
2015-11-26 02:08:06,"VR2W-103560","A69-9001-1545",NA,1215145,NA,NA,"Hudson junction",-12.25526,141.94362
2015-11-26 02:12:13,"VR2W-103560","A69-9001-1545",NA,1215145,NA,NA,"Hudson junction",-12.25526,141.94362
2015-11-26 02:17:52,"VR2W-103560","A69-9001-1545",NA,1215145,NA,NA,"Hudson junction",-12.25526,141.94362
2015-11-26 02:24:31,"VR2W-103560","A69-9001-1545",NA,1215145,NA,NA,"Hudson junction",-12.25526,141.94362
2015-11-26 02:26:23,"VR2W-103560","A69-9001-1545",NA,1215145,NA,NA,"Hudson junction",-12.25526,141.94362
2015-11-26 02:28:31,"VR2W-103560","A69-9001-1545",NA,1215145,NA,NA,"Hudson junction",-12.25526,141.94362
2015-11-26 02:30:11,"VR2W-103560","A69-9001-1545",NA,1215145,NA,NA,"Hudson junction",-12.25526,141.94362
2015-11-26 02:36:01,"VR2W-103560","A69-9001-1545",NA,1215145,NA,NA,"Hudson junction",-12.25526,141.94362
2015-11-26 02:37:47,"VR2W-103560","A69-9001-1545",NA,1215145,NA,NA,"Hudson junction",-12.25526,141.94362
2015-11-26 02:39:43,"VR2W-103560","A69-9001-1545",NA,1215145,NA,NA,"Hudson junction",-12.25526,141.94362
2015-11-26 02:42:01,"VR2W-103560","A69-9001-1545",NA,1215145,NA,NA,"Hudson junction",-12.25526,141.94362
2015-11-26 02:48:41,"VR2W-103560","A69-9001-1545",NA,1215145,NA,NA,"Hudson junction",-12.25526,141.94362
2015-11-26 02:52:45,"VR2W-103560","A69-9001-1545",NA,1215145,NA,NA,"Hudson junction",-12.25526,141.94362
2015-11-26 02:54:30,"VR2W-103560","A69-9001-1545",NA,1215145,NA,NA,"Hudson junction",-12.25526,141.94362
2015-11-26 02:56:25,"VR2W-103560","A69-9001-1545",NA,1215145,NA,NA,"Hudson junction",-12.25526,141.94362
2015-11-26 02:58:40,"VR2W-103560","A69-9001-1545",NA,1215145,NA,NA,"Hudson junction",-12.25526,141.94362
2015-11-26 03:00:32,"VR2W-103560","A69-9001-1545",NA,1215145,NA,NA,"Hudson junction",-12.25526,141.94362
2015-11-26 03:04:20,"VR2W-103560","A69-9001-1545",NA,1215145,NA,NA,"Hudson junction",-12.25526,141.94362
2015-11-26 03:06:05,"VR2W-103560","A69-9001-1545",NA,1215145,NA,NA,"Hudson junction",-12.25526,141.94362
2015-11-26 03:07:58,"VR2W-103560","A69-9001-1545",NA,1215145,NA,NA,"Hudson junction",-12.25526,141.94362
2015-11-26 03:10:10,"VR2W-103560","A69-9001-1545",NA,1215145,NA,NA,"Hudson junction",-12.25526,141.94362
2015-11-26 03:11:56,"VR2W-103560","A69-9001-1545",NA,1215145,NA,NA,"Hudson junction",-12.25526,141.94362
2015-11-26 03:13:54,"VR2W-103560","A69-9001-1545",NA,1215145,NA,NA,"Hudson junction",-12.25526,141.94362
2015-11-26 03:16:13,"VR2W-103560","A69-9001-1545",NA,1215145,NA,NA,"Hudson junction",-12.25526,141.94362
2015-11-26 03:18:17,"VR2W-103560","A69-9001-1545",NA,1215145,NA,NA,"Hudson junction",-12.25526,141.94362
2015-11-26 03:20:46,"VR2W-103560","A69-9001-1545",NA,1215145,NA,NA,"Hudson junction",-12.25526,141.94362
2015-11-26 03:25:26,"VR2W-103560","A69-9001-1545",NA,1215145,NA,NA,"Hudson junction",-12.25526,141.94362
2015-11-26 03:29:29,"VR2W-103560","A69-9001-1545",NA,1215145,NA,NA,"Hudson junction",-12.25526,141.94362
2015-11-26 03:31:13,"VR2W-103560","A69-9001-1545",NA,1215145,NA,NA,"Hudson junction",-12.25526,141.94362
2015-11-26 03:33:07,"VR2W-103560","A69-9001-1545",NA,1215145,NA,NA,"Hudson junction",-12.25526,141.94362
2015-11-26 03:35:19,"VR2W-103560","A69-9001-1545",NA,1215145,NA,NA,"Hudson junction",-12.25526,141.94362
2015-11-26 03:37:07,"VR2W-103560","A69-9001-1545",NA,1215145,NA,NA,"Hudson junction",-12.25526,141.94362
2015-11-26 03:39:07,"VR2W-103560","A69-9001-1545",NA,1215145,NA,NA,"Hudson junction",-12.25526,141.94362
2015-11-26 03:41:31,"VR2W-103560","A69-9001-1545",NA,1215145,NA,NA,"Hudson junction",-12.25526,141.94362
2015-11-26 03:43:43,"VR2W-103560","A69-9001-1545",NA,1215145,NA,NA,"Hudson junction",-12.25526,141.94362
2015-11-26 03:45:31,"VR2W-103560","A69-9001-1545",NA,1215145,NA,NA,"Hudson junction",-12.25526,141.94362
2015-11-26 03:47:32,"VR2W-103560","A69-9001-1545",NA,1215145,NA,NA,"Hudson junction",-12.25526,141.94362
2015-11-26 03:49:57,"VR2W-103560","A69-9001-1545",NA,1215145,NA,NA,"Hudson junction",-12.25526,141.94362
2015-11-26 03:52:11,"VR2W-103560","A69-9001-1545",NA,1215145,NA,NA,"Hudson junction",-12.25526,141.94362
2015-11-26 03:54:03,"VR2W-103560","A69-9001-1545",NA,1215145,NA,NA,"Hudson junction",-12.25526,141.94362
2015-11-26 03:56:11,"VR2W-103560","A69-9001-1545",NA,1215145,NA,NA,"Hudson junction",-12.25526,141.94362
2015-11-26 03:57:54,"VR2W-103560","A69-9001-1545",NA,1215145,NA,NA,"Hudson junction",-12.25526,141.94362
2015-11-26 03:59:42,"VR2W-103560","A69-9001-1545",NA,1215145,NA,NA,"Hudson junction",-12.25526,141.94362
2015-11-26 04:01:43,"VR2W-103560","A69-9001-1545",NA,1215145,NA,NA,"Hudson junction",-12.25526,141.94362
2015-11-26 04:04:08,"VR2W-103560","A69-9001-1545",NA,1215145,NA,NA,"Hudson junction",-12.25526,141.94362
2015-11-26 04:06:23,"VR2W-103560","A69-9001-1545",NA,1215145,NA,NA,"Hudson junction",-12.25526,141.94362
2015-11-26 04:08:19,"VR2W-103560","A69-9001-1545",NA,1215145,NA,NA,"Hudson junction",-12.25526,141.94362
2015-11-26 04:10:33,"VR2W-103560","A69-9001-1545",NA,1215145,NA,NA,"Hudson junction",-12.25526,141.94362
2015-11-26 04:12:26,"VR2W-103560","A69-9001-1545",NA,1215145,NA,NA,"Hudson junction",-12.25526,141.94362
2015-11-26 04:14:37,"VR2W-103560","A69-9001-1545",NA,1215145,NA,NA,"Hudson junction",-12.25526,141.94362
2015-11-26 04:16:23,"VR2W-103560","A69-9001-1545",NA,1215145,NA,NA,"Hudson junction",-12.25526,141.94362
2015-11-26 04:18:20,"VR2W-103560","A69-9001-1545",NA,1215145,NA,NA,"Hudson junction",-12.25526,141.94362
2015-11-26 04:20:39,"VR2W-103560","A69-9001-1545",NA,1215145,NA,NA,"Hudson junction",-12.25526,141.94362
2015-11-26 04:22:39,"VR2W-103560","A69-9001-1545",NA,1215145,NA,NA,"Hudson junction",-12.25526,141.94362
2015-11-26 04:25:04,"VR2W-103560","A69-9001-1545",NA,1215145,NA,NA,"Hudson junction",-12.25526,141.94362
2015-11-26 04:27:18,"VR2W-103560","A69-9001-1545",NA,1215145,NA,NA,"Hudson junction",-12.25526,141.94362
2015-11-26 04:29:11,"VR2W-103560","A69-9001-1545",NA,1215145,NA,NA,"Hudson junction",-12.25526,141.94362
2015-11-26 04:31:21,"VR2W-103560","A69-9001-1545",NA,1215145,NA,NA,"Hudson junction",-12.25526,141.94362
2015-11-26 04:33:06,"VR2W-103560","A69-9001-1545",NA,1215145,NA,NA,"Hudson junction",-12.25526,141.94362
2015-11-26 04:34:59,"VR2W-103560","A69-9001-1545",NA,1215145,NA,NA,"Hudson junction",-12.25526,141.94362
2015-11-26 04:37:08,"VR2W-103560","A69-9001-1545",NA,1215145,NA,NA,"Hudson junction",-12.25526,141.94362
2015-11-26 04:38:50,"VR2W-103560","A69-9001-1545",NA,1215145,NA,NA,"Hudson junction",-12.25526,141.94362
2015-11-26 04:40:43,"VR2W-103560","A69-9001-1545",NA,1215145,NA,NA,"Hudson junction",-12.25526,141.94362
2015-11-26 04:42:51,"VR2W-103560","A69-9001-1545",NA,1215145,NA,NA,"Hudson junction",-12.25526,141.94362
2015-11-26 04:44:32,"VR2W-103560","A69-9001-1545",NA,1215145,NA,NA,"Hudson junction",-12.25526,141.94362
2015-11-26 04:46:19,"VR2W-103560","A69-9001-1545",NA,1215145,NA,NA,"Hudson junction",-12.25526,141.94362
2015-11-26 04:48:16,"VR2W-103560","A69-9001-1545",NA,1215145,NA,NA,"Hudson junction",-12.25526,141.94362
2015-11-26 04:50:35,"VR2W-103560","A69-9001-1545",NA,1215145,NA,NA,"Hudson junction",-12.25526,141.94362
2015-11-26 04:52:36,"VR2W-103560","A69-9001-1545",NA,1215145,NA,NA,"Hudson junction",-12.25526,141.94362
2015-11-26 04:55:03,"VR2W-103560","A69-9001-1545",NA,1215145,NA,NA,"Hudson junction",-12.25526,141.94362
2015-11-26 04:57:24,"VR2W-103560","A69-9001-1545",NA,1215145,NA,NA,"Hudson junction",-12.25526,141.94362
2015-11-26 04:59:27,"VR2W-103560","A69-9001-1545",NA,1215145,NA,NA,"Hudson junction",-12.25526,141.94362
2015-11-26 05:02:03,"VR2W-103560","A69-9001-1545",NA,1215145,NA,NA,"Hudson junction",-12.25526,141.94362
2015-11-26 05:04:37,"VR2W-103560","A69-9001-1545",NA,1215145,NA,NA,"Hudson junction",-12.25526,141.94362
2015-11-26 05:07:09,"VR2W-103560","A69-9001-1545",NA,1215145,NA,NA,"Hudson junction",-12.25526,141.94362
2015-11-26 05:09:37,"VR2W-103560","A69-9001-1545",NA,1215145,NA,NA,"Hudson junction",-12.25526,141.94362
2015-11-26 05:11:59,"VR2W-103560","A69-9001-1545",NA,1215145,NA,NA,"Hudson junction",-12.25526,141.94362
2015-11-26 05:14:07,"VR2W-103560","A69-9001-1545",NA,1215145,NA,NA,"Hudson junction",-12.25526,141.94362
2015-11-26 05:15:48,"VR2W-103560","A69-9001-1545",NA,1215145,NA,NA,"Hudson junction",-12.25526,141.94362
2015-11-26 05:17:32,"VR2W-103560","A69-9001-1545",NA,1215145,NA,NA,"Hudson junction",-12.25526,141.94362
2015-11-26 05:19:25,"VR2W-103560","A69-9001-1545",NA,1215145,NA,NA,"Hudson junction",-12.25526,141.94362
2015-11-26 05:21:35,"VR2W-103560","A69-9001-1545",NA,1215145,NA,NA,"Hudson junction",-12.25526,141.94362
2015-11-26 05:23:19,"VR2W-103560","A69-9001-1545",NA,1215145,NA,NA,"Hudson junction",-12.25526,141.94362
2015-11-26 05:25:10,"VR2W-103560","A69-9001-1545",NA,1215145,NA,NA,"Hudson junction",-12.25526,141.94362
2015-11-26 05:27:16,"VR2W-103560","A69-9001-1545",NA,1215145,NA,NA,"Hudson junction",-12.25526,141.94362
2015-11-26 05:28:53,"VR2W-103560","A69-9001-1545",NA,1215145,NA,NA,"Hudson junction",-12.25526,141.94362
2015-11-26 05:30:35,"VR2W-103560","A69-9001-1545",NA,1215145,NA,NA,"Hudson junction",-12.25526,141.94362
2015-11-26 05:34:20,"VR2W-103560","A69-9001-1545",NA,1215145,NA,NA,"Hudson junction",-12.25526,141.94362
2015-11-26 05:36:41,"VR2W-103560","A69-9001-1545",NA,1215145,NA,NA,"Hudson junction",-12.25526,141.94362
2015-11-26 05:38:48,"VR2W-103560","A69-9001-1545",NA,1215145,NA,NA,"Hudson junction",-12.25526,141.94362
2015-11-26 05:40:25,"VR2W-103560","A69-9001-1545",NA,1215145,NA,NA,"Hudson junction",-12.25526,141.94362
2015-11-26 05:42:02,"VR2W-103560","A69-9001-1545",NA,1215145,NA,NA,"Hudson junction",-12.25526,141.94362
2015-11-26 05:43:42,"VR2W-103560","A69-9001-1545",NA,1215145,NA,NA,"Hudson junction",-12.25526,141.94362
2015-11-26 05:45:27,"VR2W-103560","A69-9001-1545",NA,1215145,NA,NA,"Hudson junction",-12.25526,141.94362
2015-11-26 05:47:20,"VR2W-103560","A69-9001-1545",NA,1215145,NA,NA,"Hudson junction",-12.25526,141.94362
2015-11-26 05:51:15,"VR2W-103560","A69-9001-1545",NA,1215145,NA,NA,"Hudson junction",-12.25526,141.94362
2015-11-26 05:53:09,"VR2W-103560","A69-9001-1545",NA,1215145,NA,NA,"Hudson junction",-12.25526,141.94362
2015-11-26 05:55:19,"VR2W-103560","A69-9001-1545",NA,1215145,NA,NA,"Hudson junction",-12.25526,141.94362
2015-11-26 05:57:05,"VR2W-103560","A69-9001-1545",NA,1215145,NA,NA,"Hudson junction",-12.25526,141.94362
2015-11-26 05:59:00,"VR2W-103560","A69-9001-1545",NA,1215145,NA,NA,"Hudson junction",-12.25526,141.94362
2015-11-26 06:01:14,"VR2W-103560","A69-9001-1545",NA,1215145,NA,NA,"Hudson junction",-12.25526,141.94362
2015-11-26 06:05:16,"VR2W-103560","A69-9001-1545",NA,1215145,NA,NA,"Hudson junction",-12.25526,141.94362
2015-11-26 06:06:58,"VR2W-103560","A69-9001-1545",NA,1215145,NA,NA,"Hudson junction",-12.25526,141.94362
2015-11-26 06:08:47,"VR2W-103560","A69-9001-1545",NA,1215145,NA,NA,"Hudson junction",-12.25526,141.94362
2015-11-26 06:10:49,"VR2W-103560","A69-9001-1545",NA,1215145,NA,NA,"Hudson junction",-12.25526,141.94362
2015-11-26 06:13:18,"VR2W-103560","A69-9001-1545",NA,1215145,NA,NA,"Hudson junction",-12.25526,141.94362
2015-11-26 06:15:38,"VR2W-103560","A69-9001-1545",NA,1215145,NA,NA,"Hudson junction",-12.25526,141.94362
2015-11-26 06:17:44,"VR2W-103560","A69-9001-1545",NA,1215145,NA,NA,"Hudson junction",-12.25526,141.94362
2015-11-26 06:20:20,"VR2W-103560","A69-9001-1545",NA,1215145,NA,NA,"Hudson junction",-12.25526,141.94362
2015-11-26 06:22:55,"VR2W-103560","A69-9001-1545",NA,1215145,NA,NA,"Hudson junction",-12.25526,141.94362
2015-11-26 06:28:01,"VR2W-103560","A69-9001-1545",NA,1215145,NA,NA,"Hudson junction",-12.25526,141.94362
2015-11-26 06:30:30,"VR2W-103560","A69-9001-1545",NA,1215145,NA,NA,"Hudson junction",-12.25526,141.94362
2015-11-26 06:32:52,"VR2W-103560","A69-9001-1545",NA,1215145,NA,NA,"Hudson junction",-12.25526,141.94362
2015-11-26 06:34:59,"VR2W-103560","A69-9001-1545",NA,1215145,NA,NA,"Hudson junction",-12.25526,141.94362
2015-11-26 06:36:38,"VR2W-103560","A69-9001-1545",NA,1215145,NA,NA,"Hudson junction",-12.25526,141.94362
2015-11-26 06:38:21,"VR2W-103560","A69-9001-1545",NA,1215145,NA,NA,"Hudson junction",-12.25526,141.94362
2015-11-26 06:40:10,"VR2W-103560","A69-9001-1545",NA,1215145,NA,NA,"Hudson junction",-12.25526,141.94362
2015-11-26 06:42:14,"VR2W-103560","A69-9001-1545",NA,1215145,NA,NA,"Hudson junction",-12.25526,141.94362
2015-11-26 06:44:44,"VR2W-103560","A69-9001-1545",NA,1215145,NA,NA,"Hudson junction",-12.25526,141.94362
2015-11-26 06:47:10,"VR2W-103560","A69-9001-1545",NA,1215145,NA,NA,"Hudson junction",-12.25526,141.94362
2015-11-26 06:49:24,"VR2W-103560","A69-9001-1545",NA,1215145,NA,NA,"Hudson junction",-12.25526,141.94362
2015-11-26 06:51:17,"VR2W-103560","A69-9001-1545",NA,1215145,NA,NA,"Hudson junction",-12.25526,141.94362
2015-11-26 06:53:27,"VR2W-103560","A69-9001-1545",NA,1215145,NA,NA,"Hudson junction",-12.25526,141.94362
2015-11-26 06:55:10,"VR2W-103560","A69-9001-1545",NA,1215145,NA,NA,"Hudson junction",-12.25526,141.94362
2015-11-26 06:59:08,"VR2W-103560","A69-9001-1545",NA,1215145,NA,NA,"Hudson junction",-12.25526,141.94362
2015-11-26 07:00:44,"VR2W-103560","A69-9001-1545",NA,1215145,NA,NA,"Hudson junction",-12.25526,141.94362
2015-11-26 07:02:23,"VR2W-103560","A69-9001-1545",NA,1215145,NA,NA,"Hudson junction",-12.25526,141.94362
2015-11-26 07:04:05,"VR2W-103560","A69-9001-1545",NA,1215145,NA,NA,"Hudson junction",-12.25526,141.94362
2015-11-26 07:05:51,"VR2W-103560","A69-9001-1545",NA,1215145,NA,NA,"Hudson junction",-12.25526,141.94362
2015-11-26 07:07:50,"VR2W-103560","A69-9001-1545",NA,1215145,NA,NA,"Hudson junction",-12.25526,141.94362
2015-11-26 07:10:12,"VR2W-103560","A69-9001-1545",NA,1215145,NA,NA,"Hudson junction",-12.25526,141.94362
2015-11-26 07:12:19,"VR2W-103560","A69-9001-1545",NA,1215145,NA,NA,"Hudson junction",-12.25526,141.94362
2015-11-26 07:15:37,"VR2W-103560","A69-9001-1545",NA,1215145,NA,NA,"Hudson junction",-12.25526,141.94362
2015-11-26 07:17:22,"VR2W-103560","A69-9001-1545",NA,1215145,NA,NA,"Hudson junction",-12.25526,141.94362
2015-11-26 07:19:15,"VR2W-103560","A69-9001-1545",NA,1215145,NA,NA,"Hudson junction",-12.25526,141.94362
2015-11-26 07:21:24,"VR2W-103560","A69-9001-1545",NA,1215145,NA,NA,"Hudson junction",-12.25526,141.94362
2015-11-26 07:23:08,"VR2W-103560","A69-9001-1545",NA,1215145,NA,NA,"Hudson junction",-12.25526,141.94362
2015-11-26 07:25:00,"VR2W-103560","A69-9001-1545",NA,1215145,NA,NA,"Hudson junction",-12.25526,141.94362
2015-11-26 07:27:07,"VR2W-103560","A69-9001-1545",NA,1215145,NA,NA,"Hudson junction",-12.25526,141.94362
2015-11-26 07:28:46,"VR2W-103560","A69-9001-1545",NA,1215145,NA,NA,"Hudson junction",-12.25526,141.94362
2015-11-26 07:30:28,"VR2W-103560","A69-9001-1545",NA,1215145,NA,NA,"Hudson junction",-12.25526,141.94362
2015-11-26 07:32:16,"VR2W-103560","A69-9001-1545",NA,1215145,NA,NA,"Hudson junction",-12.25526,141.94362
2015-11-26 07:34:16,"VR2W-103560","A69-9001-1545",NA,1215145,NA,NA,"Hudson junction",-12.25526,141.94362
2015-11-26 07:36:42,"VR2W-103560","A69-9001-1545",NA,1215145,NA,NA,"Hudson junction",-12.25526,141.94362
2015-11-26 07:39:00,"VR2W-103560","A69-9001-1545",NA,1215145,NA,NA,"Hudson junction",-12.25526,141.94362
2015-11-26 07:40:59,"VR2W-103560","A69-9001-1545",NA,1215145,NA,NA,"Hudson junction",-12.25526,141.94362
2015-11-26 07:43:21,"VR2W-103560","A69-9001-1545",NA,1215145,NA,NA,"Hudson junction",-12.25526,141.94362
2015-11-26 07:47:11,"VR2W-103560","A69-9001-1545",NA,1215145,NA,NA,"Hudson junction",-12.25526,141.94362
2015-11-26 07:48:58,"VR2W-103560","A69-9001-1545",NA,1215145,NA,NA,"Hudson junction",-12.25526,141.94362
2015-11-26 07:50:55,"VR2W-103560","A69-9001-1545",NA,1215145,NA,NA,"Hudson junction",-12.25526,141.94362
2015-11-26 07:53:14,"VR2W-103560","A69-9001-1545",NA,1215145,NA,NA,"Hudson junction",-12.25526,141.94362
2015-11-26 07:55:19,"VR2W-103560","A69-9001-1545",NA,1215145,NA,NA,"Hudson junction",-12.25526,141.94362
2015-11-26 07:57:50,"VR2W-103560","A69-9001-1545",NA,1215145,NA,NA,"Hudson junction",-12.25526,141.94362
2015-11-26 08:00:19,"VR2W-103560","A69-9001-1545",NA,1215145,NA,NA,"Hudson junction",-12.25526,141.94362
2015-11-26 08:02:42,"VR2W-103560","A69-9001-1545",NA,1215145,NA,NA,"Hudson junction",-12.25526,141.94362
2015-11-26 08:04:51,"VR2W-103560","A69-9001-1545",NA,1215145,NA,NA,"Hudson junction",-12.25526,141.94362
2015-11-26 08:06:33,"VR2W-103560","A69-9001-1545",NA,1215145,NA,NA,"Hudson junction",-12.25526,141.94362
2015-11-26 08:08:22,"VR2W-103560","A69-9001-1545",NA,1215145,NA,NA,"Hudson junction",-12.25526,141.94362
2015-11-26 08:10:22,"VR2W-103560","A69-9001-1545",NA,1215145,NA,NA,"Hudson junction",-12.25526,141.94362
2015-11-26 08:15:03,"VR2W-103560","A69-9001-1545",NA,1215145,NA,NA,"Hudson junction",-12.25526,141.94362
2015-11-26 09:36:19,"VR2W-103560","A69-9001-1545",NA,1215145,NA,NA,"Hudson junction",-12.25526,141.94362
2015-11-26 09:40:49,"VR2W-103560","A69-9001-1545",NA,1215145,NA,NA,"Hudson junction",-12.25526,141.94362
2015-11-26 09:43:09,"VR2W-103560","A69-9001-1545",NA,1215145,NA,NA,"Hudson junction",-12.25526,141.94362
2015-11-26 09:45:13,"VR2W-103560","A69-9001-1545",NA,1215145,NA,NA,"Hudson junction",-12.25526,141.94362
2015-11-26 12:15:37,"VR2W-122983","A69-9001-1545",NA,1215145,NA,NA,"WenTentHud",-12.26239,141.94643
2015-11-26 13:25:25,"VR2W-122998","A69-9001-1545",NA,1215145,NA,NA,"Speartooth 3",-12.25314,141.92287
2015-11-26 23:16:39,"VR2W-110433","A69-9001-1545",NA,1215145,NA,NA,"Island downstream",-12.270143,141.97587
2015-11-27 00:53:14,"VR2W-110433","A69-9001-1545",NA,1215145,NA,NA,"Island downstream",-12.270143,141.97587
2015-11-27 00:59:11,"VR2W-110433","A69-9001-1545",NA,1215145,NA,NA,"Island downstream",-12.270143,141.97587
2015-11-27 05:23:26,"VR2W-103560","A69-9001-1545",NA,1215145,NA,NA,"Hudson junction",-12.25526,141.94362
2015-11-27 13:22:14,"VR2W-103560","A69-9001-1545",NA,1215145,NA,NA,"Hudson junction",-12.25526,141.94362
2015-11-27 19:34:25,"VR2W-122983","A69-9001-1545",NA,1215145,NA,NA,"WenTentHud",-12.26239,141.94643
2015-11-28 04:49:51,"VR2W-103560","A69-9001-1545",NA,1215145,NA,NA,"Hudson junction",-12.25526,141.94362
2015-11-28 14:07:11,"VR2W-103560","A69-9001-1545",NA,1215145,NA,NA,"Hudson junction",-12.25526,141.94362
2015-11-28 15:57:48,"VR2W-122983","A69-9001-1545",NA,1215145,NA,NA,"WenTentHud",-12.26239,141.94643
2015-11-28 16:51:39,"VR2W-122998","A69-9001-1545",NA,1215145,NA,NA,"Speartooth 3",-12.25314,141.92287
2015-11-28 19:26:41,"VR2W-122998","A69-9001-1545",NA,1215145,NA,NA,"Speartooth 3",-12.25314,141.92287
2015-11-28 19:31:11,"VR2W-122998","A69-9001-1545",NA,1215145,NA,NA,"Speartooth 3",-12.25314,141.92287
2015-11-28 22:01:04,"VR2W-101155","A69-9001-1545",NA,1215145,NA,NA,"Tentpole mouth 2",-12.26171,141.91598
2015-11-28 22:08:49,"VR2W-101155","A69-9001-1545",NA,1215145,NA,NA,"Tentpole mouth 2",-12.26171,141.91598
2015-11-28 22:10:34,"VR2W-101155","A69-9001-1545",NA,1215145,NA,NA,"Tentpole mouth 2",-12.26171,141.91598
2015-11-28 22:14:41,"VR2W-101155","A69-9001-1545",NA,1215145,NA,NA,"Tentpole mouth 2",-12.26171,141.91598
2015-11-28 22:18:38,"VR2W-101155","A69-9001-1545",NA,1215145,NA,NA,"Tentpole mouth 2",-12.26171,141.91598
2015-11-28 22:23:48,"VR2W-101155","A69-9001-1545",NA,1215145,NA,NA,"Tentpole mouth 2",-12.26171,141.91598
2015-11-28 22:26:21,"VR2W-101155","A69-9001-1545",NA,1215145,NA,NA,"Tentpole mouth 2",-12.26171,141.91598
2015-11-28 22:28:52,"VR2W-101155","A69-9001-1545",NA,1215145,NA,NA,"Tentpole mouth 2",-12.26171,141.91598
2015-11-28 22:31:19,"VR2W-101155","A69-9001-1545",NA,1215145,NA,NA,"Tentpole mouth 2",-12.26171,141.91598
2015-11-28 22:42:33,"VR2W-101155","A69-9001-1545",NA,1215145,NA,NA,"Tentpole mouth 2",-12.26171,141.91598
2015-11-29 00:09:45,"VR2W-101155","A69-9001-1545",NA,1215145,NA,NA,"Tentpole mouth 2",-12.26171,141.91598
2015-11-29 00:13:21,"VR2W-101155","A69-9001-1545",NA,1215145,NA,NA,"Tentpole mouth 2",-12.26171,141.91598
2015-11-29 01:51:33,"VR2W-122998","A69-9001-1545",NA,1215145,NA,NA,"Speartooth 3",-12.25314,141.92287
2015-11-29 03:35:01,"VR2W-122996","A69-9001-1545",NA,1215145,NA,NA,"Cloughs landing",-12.21563,141.90041
2015-11-29 07:33:00,"VR2W-123002","A69-9001-1545",NA,1215145,NA,NA,"WenTentDS",-12.23126,141.89717
2015-11-29 09:50:57,"VR2W-122998","A69-9001-1545",NA,1215145,NA,NA,"Speartooth 3",-12.25314,141.92287
2015-11-29 09:54:24,"VR2W-122998","A69-9001-1545",NA,1215145,NA,NA,"Speartooth 3",-12.25314,141.92287
2015-11-29 10:10:53,"VR2W-122998","A69-9001-1545",NA,1215145,NA,NA,"Speartooth 3",-12.25314,141.92287
2015-11-29 11:10:34,"VR2W-122998","A69-9001-1545",NA,1215145,NA,NA,"Speartooth 3",-12.25314,141.92287
2015-11-29 11:13:05,"VR2W-122998","A69-9001-1545",NA,1215145,NA,NA,"Speartooth 3",-12.25314,141.92287
2015-11-29 11:17:47,"VR2W-122998","A69-9001-1545",NA,1215145,NA,NA,"Speartooth 3",-12.25314,141.92287
2015-11-29 11:19:43,"VR2W-122998","A69-9001-1545",NA,1215145,NA,NA,"Speartooth 3",-12.25314,141.92287
2015-11-29 15:09:52,"VR2W-114072","A69-9001-1545",NA,1215145,NA,NA,"Batavia 2",-12.19452,141.89886
2015-11-29 15:12:08,"VR2W-114072","A69-9001-1545",NA,1215145,NA,NA,"Batavia 2",-12.19452,141.89886
2015-11-29 15:14:03,"VR2W-114072","A69-9001-1545",NA,1215145,NA,NA,"Batavia 2",-12.19452,141.89886
2015-11-30 03:41:39,"VR2W-122986","A69-9001-1545",NA,1215145,NA,NA,"Wenmouth",-12.14944,141.94289
2015-11-30 03:43:32,"VR2W-122986","A69-9001-1545",NA,1215145,NA,NA,"Wenmouth",-12.14944,141.94289
2015-11-30 03:45:43,"VR2W-122986","A69-9001-1545",NA,1215145,NA,NA,"Wenmouth",-12.14944,141.94289
2015-11-30 20:16:43,"VR2W-122986","A69-9001-1545",NA,1215145,NA,NA,"Wenmouth",-12.14944,141.94289
2015-11-30 21:04:48,"VR2W-122986","A69-9001-1545",NA,1215145,NA,NA,"Wenmouth",-12.14944,141.94289
2015-12-05 02:50:59,"VR2W-114072","A69-9001-1545",NA,1215145,NA,NA,"Batavia 2",-12.19452,141.89886
2015-12-05 02:58:05,"VR2W-114072","A69-9001-1545",NA,1215145,NA,NA,"Batavia 2",-12.19452,141.89886
2015-12-05 13:35:22,"VR2W-122996","A69-9001-1545",NA,1215145,NA,NA,"Cloughs landing",-12.21563,141.90041
2015-12-05 13:37:19,"VR2W-122996","A69-9001-1545",NA,1215145,NA,NA,"Cloughs landing",-12.21563,141.90041
2015-12-05 13:44:00,"VR2W-122996","A69-9001-1545",NA,1215145,NA,NA,"Cloughs landing",-12.21563,141.90041
2015-12-05 15:03:12,"VR2W-123002","A69-9001-1545",NA,1215145,NA,NA,"WenTentDS",-12.23126,141.89717
2015-12-05 15:07:33,"VR2W-123002","A69-9001-1545",NA,1215145,NA,NA,"WenTentDS",-12.23126,141.89717
2015-12-05 15:12:21,"VR2W-123002","A69-9001-1545",NA,1215145,NA,NA,"WenTentDS",-12.23126,141.89717
2015-12-05 15:16:56,"VR2W-123002","A69-9001-1545",NA,1215145,NA,NA,"WenTentDS",-12.23126,141.89717
2015-12-05 15:23:48,"VR2W-123002","A69-9001-1545",NA,1215145,NA,NA,"WenTentDS",-12.23126,141.89717
2015-12-05 16:13:59,"VR2W-123002","A69-9001-1545",NA,1215145,NA,NA,"WenTentDS",-12.23126,141.89717
2015-12-05 16:22:52,"VR2W-123002","A69-9001-1545",NA,1215145,NA,NA,"WenTentDS",-12.23126,141.89717
2015-12-05 18:09:49,"VR2W-122996","A69-9001-1545",NA,1215145,NA,NA,"Cloughs landing",-12.21563,141.90041
2015-12-05 18:12:18,"VR2W-122996","A69-9001-1545",NA,1215145,NA,NA,"Cloughs landing",-12.21563,141.90041
2015-12-05 18:20:15,"VR2W-122996","A69-9001-1545",NA,1215145,NA,NA,"Cloughs landing",-12.21563,141.90041
2015-12-05 18:22:14,"VR2W-122996","A69-9001-1545",NA,1215145,NA,NA,"Cloughs landing",-12.21563,141.90041
2015-12-05 18:24:34,"VR2W-122996","A69-9001-1545",NA,1215145,NA,NA,"Cloughs landing",-12.21563,141.90041
2015-12-05 18:31:48,"VR2W-122996","A69-9001-1545",NA,1215145,NA,NA,"Cloughs landing",-12.21563,141.90041
2015-12-05 21:58:35,"VR2W-122996","A69-9001-1545",NA,1215145,NA,NA,"Cloughs landing",-12.21563,141.90041
2015-12-05 22:15:06,"VR2W-122996","A69-9001-1545",NA,1215145,NA,NA,"Cloughs landing",-12.21563,141.90041
2015-12-05 22:16:55,"VR2W-122996","A69-9001-1545",NA,1215145,NA,NA,"Cloughs landing",-12.21563,141.90041
2015-12-05 22:19:00,"VR2W-122996","A69-9001-1545",NA,1215145,NA,NA,"Cloughs landing",-12.21563,141.90041
2015-12-05 22:21:32,"VR2W-122996","A69-9001-1545",NA,1215145,NA,NA,"Cloughs landing",-12.21563,141.90041
2015-12-05 23:16:44,"VR2W-123002","A69-9001-1545",NA,1215145,NA,NA,"WenTentDS",-12.23126,141.89717
2015-12-05 23:20:06,"VR2W-123002","A69-9001-1545",NA,1215145,NA,NA,"WenTentDS",-12.23126,141.89717
2015-12-06 00:42:50,"VR2W-122998","A69-9001-1545",NA,1215145,NA,NA,"Speartooth 3",-12.25314,141.92287
2015-12-06 00:45:04,"VR2W-122998","A69-9001-1545",NA,1215145,NA,NA,"Speartooth 3",-12.25314,141.92287
2015-12-06 00:46:55,"VR2W-122998","A69-9001-1545",NA,1215145,NA,NA,"Speartooth 3",-12.25314,141.92287
2015-12-06 01:53:40,"VR2W-122983","A69-9001-1545",NA,1215145,NA,NA,"WenTentHud",-12.26239,141.94643
2015-12-06 03:58:55,"VR2W-103560","A69-9001-1545",NA,1215145,NA,NA,"Hudson junction",-12.25526,141.94362
2015-12-09 12:57:58,"VR2W-103560","A69-9001-1545",NA,1215145,NA,NA,"Hudson junction",-12.25526,141.94362
2015-12-09 13:02:13,"VR2W-103560","A69-9001-1545",NA,1215145,NA,NA,"Hudson junction",-12.25526,141.94362
2015-12-09 15:46:51,"VR2W-103560","A69-9001-1545",NA,1215145,NA,NA,"Hudson junction",-12.25526,141.94362
2015-12-09 15:53:49,"VR2W-103560","A69-9001-1545",NA,1215145,NA,NA,"Hudson junction",-12.25526,141.94362
2015-12-10 12:34:57,"VR2W-103560","A69-9001-1545",NA,1215145,NA,NA,"Hudson junction",-12.25526,141.94362
2015-12-10 12:39:46,"VR2W-103560","A69-9001-1545",NA,1215145,NA,NA,"Hudson junction",-12.25526,141.94362
2015-12-10 18:04:15,"VR2W-103560","A69-9001-1545",NA,1215145,NA,NA,"Hudson junction",-12.25526,141.94362
2015-12-10 18:06:50,"VR2W-103560","A69-9001-1545",NA,1215145,NA,NA,"Hudson junction",-12.25526,141.94362
2015-12-11 17:07:48,"VR2W-122998","A69-9001-1545",NA,1215145,NA,NA,"Speartooth 3",-12.25314,141.92287
2015-12-11 18:34:15,"VR2W-122983","A69-9001-1545",NA,1215145,NA,NA,"WenTentHud",-12.26239,141.94643
2015-12-11 18:35:53,"VR2W-122983","A69-9001-1545",NA,1215145,NA,NA,"WenTentHud",-12.26239,141.94643
2015-12-12 05:14:25,"VR2W-103560","A69-9001-1545",NA,1215145,NA,NA,"Hudson junction",-12.25526,141.94362
2015-12-12 05:16:45,"VR2W-103560","A69-9001-1545",NA,1215145,NA,NA,"Hudson junction",-12.25526,141.94362
2015-12-12 05:18:52,"VR2W-103560","A69-9001-1545",NA,1215145,NA,NA,"Hudson junction",-12.25526,141.94362
2015-12-12 05:23:47,"VR2W-103560","A69-9001-1545",NA,1215145,NA,NA,"Hudson junction",-12.25526,141.94362
2015-12-12 12:15:23,"VR2W-103560","A69-9001-1545",NA,1215145,NA,NA,"Hudson junction",-12.25526,141.94362
2015-12-12 21:35:19,"VR2W-103560","A69-9001-1545",NA,1215145,NA,NA,"Hudson junction",-12.25526,141.94362
2015-12-12 21:37:08,"VR2W-103560","A69-9001-1545",NA,1215145,NA,NA,"Hudson junction",-12.25526,141.94362
2015-12-13 13:29:31,"VR2W-103560","A69-9001-1545",NA,1215145,NA,NA,"Hudson junction",-12.25526,141.94362
2015-12-13 13:31:58,"VR2W-103560","A69-9001-1545",NA,1215145,NA,NA,"Hudson junction",-12.25526,141.94362
2015-12-13 14:32:09,"VR2W-110433","A69-9001-1545",NA,1215145,NA,NA,"Island downstream",-12.270143,141.97587
2015-12-13 18:42:06,"VR2W-122983","A69-9001-1545",NA,1215145,NA,NA,"WenTentHud",-12.26239,141.94643
2015-12-13 18:43:59,"VR2W-122983","A69-9001-1545",NA,1215145,NA,NA,"WenTentHud",-12.26239,141.94643
2015-12-13 21:32:32,"VR2W-103560","A69-9001-1545",NA,1215145,NA,NA,"Hudson junction",-12.25526,141.94362
2015-12-14 14:38:07,"VR2W-103560","A69-9001-1545",NA,1215145,NA,NA,"Hudson junction",-12.25526,141.94362
2015-12-14 14:42:07,"VR2W-103560","A69-9001-1545",NA,1215145,NA,NA,"Hudson junction",-12.25526,141.94362
2015-12-14 14:43:49,"VR2W-103560","A69-9001-1545",NA,1215145,NA,NA,"Hudson junction",-12.25526,141.94362
2015-12-14 18:54:28,"VR2W-103560","A69-9001-1545",NA,1215145,NA,NA,"Hudson junction",-12.25526,141.94362
2015-12-14 19:00:50,"VR2W-103560","A69-9001-1545",NA,1215145,NA,NA,"Hudson junction",-12.25526,141.94362
2015-12-14 19:02:41,"VR2W-103560","A69-9001-1545",NA,1215145,NA,NA,"Hudson junction",-12.25526,141.94362
2015-12-16 07:34:29,"VR2W-103560","A69-9001-1545",NA,1215145,NA,NA,"Hudson junction",-12.25526,141.94362
2015-12-16 07:36:14,"VR2W-103560","A69-9001-1545",NA,1215145,NA,NA,"Hudson junction",-12.25526,141.94362
2015-12-16 07:44:22,"VR2W-103560","A69-9001-1545",NA,1215145,NA,NA,"Hudson junction",-12.25526,141.94362
2015-12-16 07:46:04,"VR2W-103560","A69-9001-1545",NA,1215145,NA,NA,"Hudson junction",-12.25526,141.94362
2015-12-16 16:27:29,"VR2W-103560","A69-9001-1545",NA,1215145,NA,NA,"Hudson junction",-12.25526,141.94362
2015-12-16 16:30:00,"VR2W-103560","A69-9001-1545",NA,1215145,NA,NA,"Hudson junction",-12.25526,141.94362
2015-12-16 16:34:42,"VR2W-103560","A69-9001-1545",NA,1215145,NA,NA,"Hudson junction",-12.25526,141.94362
2015-12-16 16:38:59,"VR2W-103560","A69-9001-1545",NA,1215145,NA,NA,"Hudson junction",-12.25526,141.94362
2015-12-16 20:23:46,"VR2W-103560","A69-9001-1545",NA,1215145,NA,NA,"Hudson junction",-12.25526,141.94362
2015-12-16 20:25:45,"VR2W-103560","A69-9001-1545",NA,1215145,NA,NA,"Hudson junction",-12.25526,141.94362
2015-12-22 11:42:40,"VR2W-103560","A69-9001-1545",NA,1215145,NA,NA,"Hudson junction",-12.25526,141.94362
2015-12-22 13:45:16,"VR2W-122983","A69-9001-1545",NA,1215145,NA,NA,"WenTentHud",-12.26239,141.94643
2015-12-22 19:30:27,"VR2W-101155","A69-9001-1545",NA,1215145,NA,NA,"Tentpole mouth 2",-12.26171,141.91598
2015-12-22 19:33:00,"VR2W-101155","A69-9001-1545",NA,1215145,NA,NA,"Tentpole mouth 2",-12.26171,141.91598
2015-12-22 19:35:29,"VR2W-101155","A69-9001-1545",NA,1215145,NA,NA,"Tentpole mouth 2",-12.26171,141.91598
2015-12-22 19:37:52,"VR2W-101155","A69-9001-1545",NA,1215145,NA,NA,"Tentpole mouth 2",-12.26171,141.91598
2015-12-22 20:06:16,"VR2W-101155","A69-9001-1545",NA,1215145,NA,NA,"Tentpole mouth 2",-12.26171,141.91598
2015-12-22 20:10:10,"VR2W-101155","A69-9001-1545",NA,1215145,NA,NA,"Tentpole mouth 2",-12.26171,141.91598
2015-12-22 20:17:34,"VR2W-101155","A69-9001-1545",NA,1215145,NA,NA,"Tentpole mouth 2",-12.26171,141.91598
2015-12-26 14:47:02,"VR2W-122981","A69-9001-1545",NA,1215145,NA,NA,"TentpoleTwin",-12.28199,141.9137
2016-01-01 13:55:41,"VR2W-101155","A69-9001-1545",NA,1215145,NA,NA,"Tentpole mouth 2",-12.26171,141.91598
2016-01-01 13:58:14,"VR2W-101155","A69-9001-1545",NA,1215145,NA,NA,"Tentpole mouth 2",-12.26171,141.91598
2016-01-01 18:21:35,"VR2W-122998","A69-9001-1545",NA,1215145,NA,NA,"Speartooth 3",-12.25314,141.92287
2016-01-01 18:38:46,"VR2W-122998","A69-9001-1545",NA,1215145,NA,NA,"Speartooth 3",-12.25314,141.92287
2016-01-01 18:59:20,"VR2W-122998","A69-9001-1545",NA,1215145,NA,NA,"Speartooth 3",-12.25314,141.92287
2016-01-01 21:37:00,"VR2W-122983","A69-9001-1545",NA,1215145,NA,NA,"WenTentHud",-12.26239,141.94643
2016-01-01 21:38:56,"VR2W-122983","A69-9001-1545",NA,1215145,NA,NA,"WenTentHud",-12.26239,141.94643
2016-01-03 11:28:39,"VR2W-103560","A69-9001-1545",NA,1215145,NA,NA,"Hudson junction",-12.25526,141.94362
2016-01-03 11:30:25,"VR2W-103560","A69-9001-1545",NA,1215145,NA,NA,"Hudson junction",-12.25526,141.94362
2016-01-03 11:34:40,"VR2W-103560","A69-9001-1545",NA,1215145,NA,NA,"Hudson junction",-12.25526,141.94362
2016-01-03 11:36:40,"VR2W-103560","A69-9001-1545",NA,1215145,NA,NA,"Hudson junction",-12.25526,141.94362
2016-01-03 13:26:04,"VR2W-103560","A69-9001-1545",NA,1215145,NA,NA,"Hudson junction",-12.25526,141.94362
2016-01-03 13:28:38,"VR2W-103560","A69-9001-1545",NA,1215145,NA,NA,"Hudson junction",-12.25526,141.94362
2016-01-03 13:36:14,"VR2W-103560","A69-9001-1545",NA,1215145,NA,NA,"Hudson junction",-12.25526,141.94362
2016-01-03 16:18:27,"VR2W-103560","A69-9001-1545",NA,1215145,NA,NA,"Hudson junction",-12.25526,141.94362
2016-01-03 16:21:01,"VR2W-103560","A69-9001-1545",NA,1215145,NA,NA,"Hudson junction",-12.25526,141.94362
2016-01-03 19:26:05,"VR2W-122983","A69-9001-1545",NA,1215145,NA,NA,"WenTentHud",-12.26239,141.94643
2016-01-03 19:28:29,"VR2W-122983","A69-9001-1545",NA,1215145,NA,NA,"WenTentHud",-12.26239,141.94643
2016-01-03 19:34:22,"VR2W-122983","A69-9001-1545",NA,1215145,NA,NA,"WenTentHud",-12.26239,141.94643
2016-01-03 22:38:53,"VR2W-101155","A69-9001-1545",NA,1215145,NA,NA,"Tentpole mouth 2",-12.26171,141.91598
2016-01-03 22:44:48,"VR2W-101155","A69-9001-1545",NA,1215145,NA,NA,"Tentpole mouth 2",-12.26171,141.91598
2016-01-03 22:46:40,"VR2W-101155","A69-9001-1545",NA,1215145,NA,NA,"Tentpole mouth 2",-12.26171,141.91598
2016-01-03 22:50:28,"VR2W-101155","A69-9001-1545",NA,1215145,NA,NA,"Tentpole mouth 2",-12.26171,141.91598
2016-01-04 09:44:17,"VR2W-101155","A69-9001-1545",NA,1215145,NA,NA,"Tentpole mouth 2",-12.26171,141.91598
2016-01-04 09:45:54,"VR2W-101155","A69-9001-1545",NA,1215145,NA,NA,"Tentpole mouth 2",-12.26171,141.91598
2016-01-04 09:50:57,"VR2W-101155","A69-9001-1545",NA,1215145,NA,NA,"Tentpole mouth 2",-12.26171,141.91598
2016-01-04 12:22:57,"VR2W-122998","A69-9001-1545",NA,1215145,NA,NA,"Speartooth 3",-12.25314,141.92287
2016-01-04 14:02:42,"VR2W-101155","A69-9001-1545",NA,1215145,NA,NA,"Tentpole mouth 2",-12.26171,141.91598
2016-01-04 14:04:54,"VR2W-101155","A69-9001-1545",NA,1215145,NA,NA,"Tentpole mouth 2",-12.26171,141.91598
2016-01-04 14:15:28,"VR2W-101155","A69-9001-1545",NA,1215145,NA,NA,"Tentpole mouth 2",-12.26171,141.91598
2016-01-04 17:18:31,"VR2W-101155","A69-9001-1545",NA,1215145,NA,NA,"Tentpole mouth 2",-12.26171,141.91598
2016-01-04 21:03:55,"VR2W-122998","A69-9001-1545",NA,1215145,NA,NA,"Speartooth 3",-12.25314,141.92287
2016-01-04 23:12:56,"VR2W-101155","A69-9001-1545",NA,1215145,NA,NA,"Tentpole mouth 2",-12.26171,141.91598
2016-01-04 23:17:49,"VR2W-101155","A69-9001-1545",NA,1215145,NA,NA,"Tentpole mouth 2",-12.26171,141.91598
2016-01-04 23:19:29,"VR2W-101155","A69-9001-1545",NA,1215145,NA,NA,"Tentpole mouth 2",-12.26171,141.91598
2016-01-04 23:23:13,"VR2W-101155","A69-9001-1545",NA,1215145,NA,NA,"Tentpole mouth 2",-12.26171,141.91598
2016-01-04 23:25:32,"VR2W-101155","A69-9001-1545",NA,1215145,NA,NA,"Tentpole mouth 2",-12.26171,141.91598
2016-01-04 23:27:33,"VR2W-101155","A69-9001-1545",NA,1215145,NA,NA,"Tentpole mouth 2",-12.26171,141.91598
2016-01-04 23:32:18,"VR2W-101155","A69-9001-1545",NA,1215145,NA,NA,"Tentpole mouth 2",-12.26171,141.91598
2016-01-04 23:34:18,"VR2W-101155","A69-9001-1545",NA,1215145,NA,NA,"Tentpole mouth 2",-12.26171,141.91598
2016-01-04 23:38:54,"VR2W-101155","A69-9001-1545",NA,1215145,NA,NA,"Tentpole mouth 2",-12.26171,141.91598
2016-01-04 23:48:49,"VR2W-101155","A69-9001-1545",NA,1215145,NA,NA,"Tentpole mouth 2",-12.26171,141.91598
2016-01-04 23:50:33,"VR2W-101155","A69-9001-1545",NA,1215145,NA,NA,"Tentpole mouth 2",-12.26171,141.91598
2016-01-05 06:46:04,"VR2W-101155","A69-9001-1545",NA,1215145,NA,NA,"Tentpole mouth 2",-12.26171,141.91598
2016-01-05 06:48:38,"VR2W-101155","A69-9001-1545",NA,1215145,NA,NA,"Tentpole mouth 2",-12.26171,141.91598
2016-01-05 14:00:42,"VR2W-122983","A69-9001-1545",NA,1215145,NA,NA,"WenTentHud",-12.26239,141.94643
2016-01-05 16:46:57,"VR2W-103560","A69-9001-1545",NA,1215145,NA,NA,"Hudson junction",-12.25526,141.94362
2016-01-07 11:44:25,"VR2W-103560","A69-9001-1545",NA,1215145,NA,NA,"Hudson junction",-12.25526,141.94362
2016-01-07 11:46:21,"VR2W-103560","A69-9001-1545",NA,1215145,NA,NA,"Hudson junction",-12.25526,141.94362
2016-01-07 15:28:29,"VR2W-103560","A69-9001-1545",NA,1215145,NA,NA,"Hudson junction",-12.25526,141.94362
2016-01-07 15:30:18,"VR2W-103560","A69-9001-1545",NA,1215145,NA,NA,"Hudson junction",-12.25526,141.94362
2016-01-07 15:32:22,"VR2W-103560","A69-9001-1545",NA,1215145,NA,NA,"Hudson junction",-12.25526,141.94362
2016-01-08 12:02:30,"VR2W-103560","A69-9001-1545",NA,1215145,NA,NA,"Hudson junction",-12.25526,141.94362
2016-01-08 12:08:44,"VR2W-103560","A69-9001-1545",NA,1215145,NA,NA,"Hudson junction",-12.25526,141.94362
2016-01-08 18:13:58,"VR2W-103560","A69-9001-1545",NA,1215145,NA,NA,"Hudson junction",-12.25526,141.94362
2016-01-08 18:21:30,"VR2W-103560","A69-9001-1545",NA,1215145,NA,NA,"Hudson junction",-12.25526,141.94362
2016-01-09 16:43:15,"VR2W-103560","A69-9001-1545",NA,1215145,NA,NA,"Hudson junction",-12.25526,141.94362
2016-01-10 12:45:11,"VR2W-103560","A69-9001-1545",NA,1215145,NA,NA,"Hudson junction",-12.25526,141.94362
2016-01-10 17:21:47,"VR2W-103560","A69-9001-1545",NA,1215145,NA,NA,"Hudson junction",-12.25526,141.94362
2016-01-10 17:23:43,"VR2W-103560","A69-9001-1545",NA,1215145,NA,NA,"Hudson junction",-12.25526,141.94362
2016-01-11 13:23:00,"VR2W-103560","A69-9001-1545",NA,1215145,NA,NA,"Hudson junction",-12.25526,141.94362
2016-01-12 14:14:29,"VR2W-103560","A69-9001-1545",NA,1215145,NA,NA,"Hudson junction",-12.25526,141.94362
2016-01-12 18:07:00,"VR2W-122998","A69-9001-1545",NA,1215145,NA,NA,"Speartooth 3",-12.25314,141.92287
2016-01-13 06:19:39,"VR2W-103560","A69-9001-1545",NA,1215145,NA,NA,"Hudson junction",-12.25526,141.94362
2016-01-13 07:19:30,"VR2W-103560","A69-9001-1545",NA,1215145,NA,NA,"Hudson junction",-12.25526,141.94362
2016-01-13 17:25:42,"VR2W-103560","A69-9001-1545",NA,1215145,NA,NA,"Hudson junction",-12.25526,141.94362
2016-01-13 19:05:35,"VR2W-103560","A69-9001-1545",NA,1215145,NA,NA,"Hudson junction",-12.25526,141.94362
2016-01-13 19:07:19,"VR2W-103560","A69-9001-1545",NA,1215145,NA,NA,"Hudson junction",-12.25526,141.94362
2016-01-14 15:26:19,"VR2W-103560","A69-9001-1545",NA,1215145,NA,NA,"Hudson junction",-12.25526,141.94362
2016-01-14 18:21:49,"VR2W-122983","A69-9001-1545",NA,1215145,NA,NA,"WenTentHud",-12.26239,141.94643
2016-01-14 18:26:24,"VR2W-122983","A69-9001-1545",NA,1215145,NA,NA,"WenTentHud",-12.26239,141.94643
2016-01-14 22:32:30,"VR2W-103560","A69-9001-1545",NA,1215145,NA,NA,"Hudson junction",-12.25526,141.94362
2016-01-14 22:34:55,"VR2W-103560","A69-9001-1545",NA,1215145,NA,NA,"Hudson junction",-12.25526,141.94362
2016-01-20 14:14:49,"VR2W-103560","A69-9001-1545",NA,1215145,NA,NA,"Hudson junction",-12.25526,141.94362
2016-01-21 13:16:33,"VR2W-122983","A69-9001-1545",NA,1215145,NA,NA,"WenTentHud",-12.26239,141.94643
2016-01-21 15:36:12,"VR2W-101155","A69-9001-1545",NA,1215145,NA,NA,"Tentpole mouth 2",-12.26171,141.91598
2016-01-21 15:37:57,"VR2W-101155","A69-9001-1545",NA,1215145,NA,NA,"Tentpole mouth 2",-12.26171,141.91598
2016-01-21 15:39:53,"VR2W-101155","A69-9001-1545",NA,1215145,NA,NA,"Tentpole mouth 2",-12.26171,141.91598
2016-01-21 15:51:10,"VR2W-101155","A69-9001-1545",NA,1215145,NA,NA,"Tentpole mouth 2",-12.26171,141.91598
2016-01-21 15:53:45,"VR2W-101155","A69-9001-1545",NA,1215145,NA,NA,"Tentpole mouth 2",-12.26171,141.91598
2016-01-22 09:23:55,"VR2W-101155","A69-9001-1545",NA,1215145,NA,NA,"Tentpole mouth 2",-12.26171,141.91598
2016-01-22 10:41:32,"VR2W-122998","A69-9001-1545",NA,1215145,NA,NA,"Speartooth 3",-12.25314,141.92287
2016-01-22 12:23:58,"VR2W-123002","A69-9001-1545",NA,1215145,NA,NA,"WenTentDS",-12.23126,141.89717
2016-01-22 12:28:31,"VR2W-123002","A69-9001-1545",NA,1215145,NA,NA,"WenTentDS",-12.23126,141.89717
2016-01-22 13:34:06,"VR2W-122996","A69-9001-1545",NA,1215145,NA,NA,"Cloughs landing",-12.21563,141.90041
2016-01-22 13:40:21,"VR2W-122996","A69-9001-1545",NA,1215145,NA,NA,"Cloughs landing",-12.21563,141.90041
2016-01-22 14:57:28,"VR2W-122996","A69-9001-1545",NA,1215145,NA,NA,"Cloughs landing",-12.21563,141.90041
2016-01-22 14:59:25,"VR2W-122996","A69-9001-1545",NA,1215145,NA,NA,"Cloughs landing",-12.21563,141.90041
2016-01-22 15:51:45,"VR2W-123002","A69-9001-1545",NA,1215145,NA,NA,"WenTentDS",-12.23126,141.89717
2016-01-22 18:44:54,"VR2W-122983","A69-9001-1545",NA,1215145,NA,NA,"WenTentHud",-12.26239,141.94643
2016-01-23 03:13:41,"VR2W-103560","A69-9001-1545",NA,1215145,NA,NA,"Hudson junction",-12.25526,141.94362
2016-01-23 11:23:06,"VR2W-103560","A69-9001-1545",NA,1215145,NA,NA,"Hudson junction",-12.25526,141.94362
2016-01-23 13:13:32,"VR2W-122983","A69-9001-1545",NA,1215145,NA,NA,"WenTentHud",-12.26239,141.94643
2016-01-23 17:15:14,"VR2W-122998","A69-9001-1545",NA,1215145,NA,NA,"Speartooth 3",-12.25314,141.92287
2016-01-23 18:33:13,"VR2W-101155","A69-9001-1545",NA,1215145,NA,NA,"Tentpole mouth 2",-12.26171,141.91598
2016-01-23 18:40:20,"VR2W-101155","A69-9001-1545",NA,1215145,NA,NA,"Tentpole mouth 2",-12.26171,141.91598
2016-01-23 18:42:08,"VR2W-101155","A69-9001-1545",NA,1215145,NA,NA,"Tentpole mouth 2",-12.26171,141.91598
2016-01-23 18:44:09,"VR2W-101155","A69-9001-1545",NA,1215145,NA,NA,"Tentpole mouth 2",-12.26171,141.91598
2016-01-23 18:50:41,"VR2W-101155","A69-9001-1545",NA,1215145,NA,NA,"Tentpole mouth 2",-12.26171,141.91598
